DESC,PC,FABRICANTE UNIF,MARCA UNIF
CLEARASIL DAILY CLEAR VANISH ACNE TREAT CREAM TUB 1OZ,ACNEPRODUCTSTREATMENTS&ACNESYSTEMS,RECKITT BENCKISER,CLEARASIL
DIFFERIN DARK SPOT ACNE TREATMENT GEL 1OZ,ACNEPRODUCTSTREATMENTS&ACNESYSTEMS,GALDERMA LABS.,DIFFERIN
CANDLE LITE CANDLE ORANGE VANILLA DREAMSICLE JR 10OZ,AIRFRESHENERSAIRFRESHENERS/CANDLES,A LANCASTER COLONY,CANDLE LITE
CANDLE LITE CANDLE TANGERINE JAR 18OZ,AIRFRESHENERSAIRFRESHENERS/CANDLES,A LANCASTER COLONY,CANDLE LITE
CANDLE LITE OCEAN BLUE MIST JAR 10OZ,AIRFRESHENERSAIRFRESHENERS/CANDLES,A LANCASTER COLONY,CANDLE LITE
COMPLETE HOME WELLNESS SUNSHINE 14OZ (PL),AIRFRESHENERSAIRFRESHENERS/CANDLES,WALMART,BETTER HOMES AND GARDENS
WOODWICK CANDLE TRILOGY AUTUMN HARVEST JR 10OZ,AIRFRESHENERSAIRFRESHENERS/CANDLES,YANKEE CANDLE CO.,WOOD WICK
WOODWICK CANDLE TRILOGY EXOTIC SPICES JAR 10OZ,AIRFRESHENERSAIRFRESHENERS/CANDLES,YANKEE CANDLE CO.,WOOD WICK
COMPLETE HOME CANDLE VANILL BERRY JR 18OZ (PL),AIRFRESHENERSAIRFRESHENERS/CANDLES,WALMART,BETTER HOMES AND GARDENS
CHESAPEAKE BAY CANDLE MINIMLS FOR ST HNEY 12.7OZ,AIRFRESHENERSAIRFRESHENERS/CANDLES,NO DEFINIDO,CHESAPEAKE BAY
FEBREZE CANDLE GAIN MOONLIGHT BREEZE JR 2CT/3.1OZ=6.2OZ,AIRFRESHENERSAIRFRESHENERS/CANDLES,P&G,FEBREZE
FEBREZE CANDLE GAIN ORIGINAL SCENT JAR 2CT/3.1OZ=6.2OZ,AIRFRESHENERSAIRFRESHENERS/CANDLES,P&G,FEBREZE
GREAT VALUE CANDLE CASHMERE VANILLA JAR 14.5OZ (PL),AIRFRESHENERSAIRFRESHENERS/CANDLES,WALMART,GREAT VALUE
GREAT VALUE CANDLE LAVENDER CHAMOMILE JAR 14.5OZ(PL),AIRFRESHENERSAIRFRESHENERS/CANDLES,WALMART,GREAT VALUE
AIR WICK ESSENTIAL OILS REF BKD CARML&CHOC 2CT/0.67OZ=1.34OZ,AIRFRESHENERSAIRFRESHENERS/CONT.ACTION,RECKITT BENCKISER,AIR WICK
AIR WICK ESSENTIAL OILS SCNT OIL REF SPARKLING CITRUS 0.67OZ,AIRFRESHENERSAIRFRESHENERS/CONT.ACTION,RECKITT BENCKISER,AIR WICK
FEBREZE PLUG IN REFILL FRESH SPICED APPLE 0.87OZ/WARMER,AIRFRESHENERSAIRFRESHENERS/CONT.ACTION,P&G,FEBREZE
FEBREZE SMALL SPACES AIR FRSHNR OCEAN PDS 0.25OZ,AIRFRESHENERSAIRFRESHENERS/CONT.ACTION,P&G,FEBREZE
FEBREZE SMALL SPACES GAIN ISLAND FRESH BLISTER PACK 2CT=11ML,AIRFRESHENERSAIRFRESHENERS/CONT.ACTION,P&G,FEBREZE
FEBREZE CAR UNSTOPABLES VNT CLP FRESH SCNT 0.07OZ/2CT=0.14OZ,AIRFRESHENERSAIRFRESHENERS/CONT.ACTION,P&G,FEBREZE
AIR WICK ESSENTIAL OILS REF BONFIRE & FALL AIR 2CT/0.67OZ,AIRFRESHENERSAIRFRESHENERS/CONT.ACTION,RECKITT BENCKISER,AIR WICK
AIR WICK ESSENTIAL OILS RF WARM PECH CDR 2CT/0.67OZ=1.34OZ,AIRFRESHENERSAIRFRESHENERS/CONT.ACTION,RECKITT BENCKISER,AIR WICK
FEBREZE SMALL SPACES PUMPKIN PODS 0.25OZ,AIRFRESHENERSAIRFRESHENERS/CONT.ACTION,P&G,FEBREZE
FEBREZEE CAR VENT CLIP HAWAIIAN ALOHA 3CT/0.06OZ=0.20OZ,AIRFRESHENERSAIRFRESHENERS/CONT.ACTION,P&G,FEBREZE
FEBREZEE CAR VENT CLIP LINEN & SKY 3CT/0.06OZ=0.20OZ,AIRFRESHENERSAIRFRESHENERS/CONT.ACTION,P&G,FEBREZE
GLADE PLUG IN REFILL CRANBERRY 2CT/0.67OZ=1.34OZ,AIRFRESHENERSAIRFRESHENERS/CONT.ACTION,S.C. JOHNSON & SON,GLADE
GLADE AIRFRESHENER SPRAY TOASTY PUMKIN SPICE CAN 8OZ,AIRFRESHENERSAIRFRESHENERSAEROSOL,S.C. JOHNSON & SON,GLADE
GREAT SCENTS AIR FRESHENER 5IN1 FRESH LINEN CAN 9OZ,AIRFRESHENERSAIRFRESHENERSAEROSOL,DELTA BRANDS INC.,GREAT SCENTS
GREAT SCENTS AIR FRESHENER CASHMERE SENSATIONS 5IN1 CAN 9OZ,AIRFRESHENERSAIRFRESHENERSAEROSOL,DELTA BRANDS INC.,GREAT SCENTS
GREAT SCENTS AIR FRESHENER CHERRY BLOSSOM 5IN1 CAN 9OZ,AIRFRESHENERSAIRFRESHENERSAEROSOL,DELTA BRANDS INC.,GREAT SCENTS
GREAT SCENTS AIR FRESHNER 5IN1 HAWAIIAN BAY BREEZE CAN 9OZ,AIRFRESHENERSAIRFRESHENERSAEROSOL,DELTA BRANDS INC.,GREAT SCENTS
MICROBAN SANITIZING FRESH SCENT SPRAY 3CT/15OZ=45OZ,AIRFRESHENERSAIRFRESHENERSAEROSOL,P&G,MICROBAN
ODOBAN DESINFECTANT AIR FRESHENER LAVANDER SPRAY 14.6OZ,AIRFRESHENERSAIRFRESHENERSAEROSOL,CLEAN CONTROL CORP.,ODOBAN
GLADE LAVENDER & VANILLA SPRAY CAN 8OZ,AIRFRESHENERSAIRFRESHENERSAEROSOL,S.C. JOHNSON & SON,GLADE
SEVENTH GENERATION DESNFCT LAVNDR VANIL & THYME SPRY 13.9OZ,AIRFRESHENERSAIRFRESHENERSAEROSOL,UNILEVER,SEVENTH GENERATION
GLADE AEROSOL CRANBERRY CAN 8OZ,AIRFRESHENERSAIRFRESHENERSAEROSOL,S.C. JOHNSON & SON,GLADE
GREAT VALUE ROM AIR FRSHNR BLOMING LAVND AER SPRY 8.8OZ(PL),AIRFRESHENERSAIRFRESHENERSAEROSOL,WALMART,GREAT VALUE
GREAT VALUE ROM AIR FRSHNR FRESH LINEN AER SPRY 8.8OZ(PL),AIRFRESHENERSAIRFRESHENERSAEROSOL,WALMART,GREAT VALUE
CANDLE-LITE ESSENTIAL ELEMENTS WAXMLT OAKMOSS & BERGAMT 2OZ,AIRFRESHENERSWAXMELTS,A LANCASTER COLONY,CANDLE LITE
SCENTSATIONALS WAX MELTS COOKIES AND CREAM 2.5OZ,AIRFRESHENERSWAXMELTS,RIMPORTS USA LLC,SCENT SATIONALS
SCENTSATIONALS WAX MELTS FEELING COZY 2.5OZ,AIRFRESHENERSWAXMELTS,RIMPORTS USA LLC,SCENT SATIONALS
WOODWICK WAXMELT ELDERBERRY BOURBON 3OZ,AIRFRESHENERSWAXMELTS,YANKEE CANDLE CO.,WOOD WICK
WOODWICK WAXMELT JUNIPER & SPRUCE 3OZ,AIRFRESHENERSWAXMELTS,YANKEE CANDLE CO.,WOOD WICK
YANKEE CANDLE WAX MELTS MERRY BERRY 2.6OZ,AIRFRESHENERSWAXMELTS,YANKEE CANDLE CO.,YANKEE CANDLE
YANKEE CANDLE WAX MELTS WOODLAND ROAD TRIP 2.6OZ,AIRFRESHENERSWAXMELTS,YANKEE CANDLE CO.,YANKEE CANDLE
YANKEE CANDLE WX MLTS FRM FRSH PEACH 2.6OZ,AIRFRESHENERSWAXMELTS,YANKEE CANDLE CO.,YANKEE CANDLE
BETTER HOMES & GARDNS WAXMLT CKIE CRNCH 2.5OZ(PL),AIRFRESHENERSWAXMELTS,WALMART,BETTER HOMES AND GARDENS
BETTER HOMES & GARDNS WXMLT PCAN PIE 2.5OZ(PL),AIRFRESHENERSWAXMELTS,WALMART,BETTER HOMES AND GARDENS
SUPER MART ALL PURPOSE CLEANER 32OZ (PL),ALLPURPOSECLEANERSALLPURPOSECLEANERS,NO DEFINIDO,SUPER MART
SUPER MART MULTI AQUAMARINA 26OZ (PL),ALLPURPOSECLEANERSALLPURPOSECLEANERS,NO DEFINIDO,SUPER MART
SUPER MART MULTIUSOS FLORAL 26OZ (PL),ALLPURPOSECLEANERSALLPURPOSECLEANERS,NO DEFINIDO,SUPER MART
SUPER MART MULTIUSOS LAVANDA 26OZ (PL),ALLPURPOSECLEANERSALLPURPOSECLEANERS,NO DEFINIDO,SUPER MART
SUPER MART MULTIUSOS PINO 26OZ (PL),ALLPURPOSECLEANERSALLPURPOSECLEANERS,NO DEFINIDO,SUPER MART
GOO GONE MULTI PURPOSE CLEAN CITRUS TRIGGER 32OZ,ALLPURPOSECLEANERSALLPURPOSECLEANERS,HOMAX PRODS.INC.,GOO GONE
ECONO LAVANDA 28OZ (PL),ALLPURPOSECLEANERSALLPURPOSECLEANERS,SUPERMERCADOS ECONO,ECONO
PINE SOL MULTISURFACE CLEANER LAVENDER BOTTLE 60OZ,ALLPURPOSECLEANERSALLPURPOSECLEANERS,CLOROX,PINE-SOL
FIRST FORCE LIMAX TRIGGER 32OZ,ALLPURPOSECLEANERSALLPURPOSECLEANERS,BASIC PACKING IND,FIRST FORCE
MISTOLIN ALEGRA TU DIA BOTTLE 64OZ,ALLPURPOSECLEANERSALLPURPOSECLEANERS,CLOROX,MISTOLIN
MISTOLIN ALL PURPOSE CLEANER LAVENDER PLASTIC BTL 64OZ,ALLPURPOSECLEANERSALLPURPOSECLEANERS,CLOROX,MISTOLIN
MISTOLIN MULTIPUR PRIMAVERA BOTTLE 64OZ,ALLPURPOSECLEANERSALLPURPOSECLEANERS,CLOROX,MISTOLIN
FABULOSO COMPLETE ANTIBACTERIAL CITRUS LIQUID BTL 28OZ,ALLPURPOSECLEANERSALLPURPOSECLEANERS,COLGATE PALMOLIVE,FABULOSO
PURPLE POWER DESINF MULTIP CLEANER FRESH SCENT TRIGGER 32OZ,ALLPURPOSECLEANERSDISINFECTANTS&CONCENTRATE,LUTHER CHEMICAL,PURPLE POWER
ALEVE ALL DAY STRONG NAPROXEN CAPSULES 50CT,ANALGESICSADULTSANALGESICS,BAYER,ALEVE
ALEVE BACK & MUSCLE PAIN NAPROXENO TABLETS 24CT,ANALGESICSADULTSANALGESICS,BAYER,ALEVE
ALEVE BACK & MUSCLE PAIN NP TABLETS 90CT,ANALGESICSADULTSANALGESICS,BAYER,ALEVE
ALEVE HEADACHE PAIN NAPROXENO TABLETS 50CT,ANALGESICSADULTSANALGESICS,BAYER,ALEVE
WALGREENS COMBO IB / AC CAPLETS 10CT(PL),ANALGESICSADULTSANALGESICS,WALGREENS,WALGREENS
WALGREENS IBUPROFEN SOFTGEL 200CT(PL),ANALGESICSADULTSANALGESICS,WALGREENS,WALGREENS
ALEVE ACETAMINOPHEN LIQUID GELS 20CT,ANALGESICSADULTSANALGESICS,BAYER,ALEVE
ALEVE REGULAR STRENGTH NAPROXEN CAPLET 90CT,ANALGESICSADULTSANALGESICS,BAYER,ALEVE
ALEVE REGULAR STRENGTH NP CAPLETS 50CT,ANALGESICSADULTSANALGESICS,BAYER,ALEVE
EQUATE PM EXTRA STRENGHT AC GELCAPS 80CT(PL),ANALGESICSADULTSANALGESICS,WALMART,EQUATE
EQUATE PM EXTRA STRENGHT AC CAPLETS 24CT(PL),ANALGESICSADULTSANALGESICS,WALMART,EQUATE
EQUATE EXTRA STRENGTH AC CAPLETS 24CT (PL),ANALGESICSADULTSANALGESICS,WALMART,EQUATE
EQUATE PM EXTRA STRENGTH AC CAPLET 100CT (PL),ANALGESICSADULTSANALGESICS,WALMART,EQUATE
TYLENOL CHILDRENS AC CHERRY SUSPENSION 8OZ,ANALGESICSCHILDRENANALGESICS,J&J,TYLENOL
GOGO SQUEEZ ORGANIC VARIETY PACK POUCH 3.2OZ 20CT = 64OZ,BABYFOOD&FRUITSSQUEEZABLE,MATERNE,GOGO SQUEEZ
BEECH NUT CHICKEN APPLE CORN 2ND STAGE 4OZ,BABYFOOD&JUICEBABYFOOD,BEECH NUT,BEECH-NUT
GERBER MY 1ST SOLID STARTER KIT BOX 9.05OZ,BABYFOOD&JUICEBABYFOOD,NESTLE,GERBER
SUPER MART TOILET BOWL CLEANER LIQ 32OZ,BATHROOMCLEANERSBATHROOMCLEANERS,SUPER MART,SUPER MART
SIMPLY DONE DAILY SHOWER CLEANER TRIG 32OZ (PL),BATHROOMCLEANERSBATHROOMCLEANERS,PUEBLO,SIMPLY DONE
GREAT VALUE FOAMING BTHRM CLNSR LEMON SPRAY 22OZ (PL),BATHROOMCLEANERSBATHROOMCLEANERS,WALMART,GREAT VALUE
CARIBI TOILET BOWL CLEANER BLUE TABLETS 2CT/3.5OZ=7OZ,BATHROOMCLEANERSBATHROOMCLEANERS,CARIBI,CARIBI
DESHLER BRAND GREEN BEANS CAN 15OZ,BEANSCANNEDBEANS,NO DEFINIDO,DESHLER BRAND
GREAT VALUE ORIGINAL BKED BEANS CAN 15OZ(PL),BEANSCANNEDBEANS,WALMART,GREAT VALUE
RANCH STYLE BEANS CAN 15OZ,BEANSCANNEDBEANS,CONAGRA FOODS,RANCH STYLE
CLOWN SHOES ZEBRA WARREN 2021 MANGO & PINK GUAVA CAN 16OZ,BEERSALCOHOLICBEER,NO DEFINIDO,CLOWN
PORTER RICO COCONUT BOTTLE 6 PACK 12OZ = 720Z,BEERSALCOHOLICBEER,ARCADIA BREWING,PORTER RICO
BELLS TWO HEARTED ALE AMERICAN IPA CAN 12OZ 12CT = 144OZ,BEERSALCOHOLICBEER,BELLS BREWERY,BELL'S
BOULEVARD PINT SIZED HAWAIIAN CAN 16OZ,BEERSALCOHOLICBEER,BOULEVARD BREWING,BOULEVARD
FOUNDERS ALL DAY IPA VACAY CAN 12OZ 6PK = 72OZ,BEERSALCOHOLICBEER,FOUNDERS BREWING,FOUNDERS
WYNWOOD LACES INDIA PALE ALE 12OZ 6CT = 72OZ,BEERSALCOHOLICBEER,WYNWOOD BREWERY,WYNWOOD BREWING
WYNWOOD LACES INDIA PALE ALE GLASS 12OZ,BEERSALCOHOLICBEER,WYNWOOD BREWERY,WYNWOOD BREWING
RED HOOK EXTRA SPECIAL BITTER CANS 12OZ 6CT = 72OZ,BEERSALCOHOLICBEER,REDHOOK ALE BREWERY,RED HOOK
DEL OESTE BRAMADRO INDIA PALE ALE CAN 12OZ,BEERSALCOHOLICBEER,DEL OESTE BREWERY,DEL OESTE
DEL OESTE BUCANEER WHISKEY BOCK CAN 12OZ,BEERSALCOHOLICBEER,DEL OESTE BREWERY,DEL OESTE
DEL OESTE RESIDENTE TRIPELCAN12OZ,BEERSALCOHOLICBEER,DEL OESTE BREWERY,DEL OESTE
SCHOFFERHOFER PASSION FRUIT BOTTLE 11.2OZ 6CT = 67.2OZ,BEERSALCOHOLICBEER,BINDING BRAUEREI USA,SCHOFFERHOFER
KING C GILLETTE CARTRIDGES 4CT,BLADES&RAZORSCARTRIDGES,P&G,KING C
GILLETTE PROGLIDE 5BLADES 1 RAZOR / CARTRIDGES 16CT,BLADES&RAZORSMANUALSHAVINGSYSTEMS,P&G,GILLETTE
MAGIC EYEBROW RAZOR 3CT,BLADES&RAZORSPERFILADORES,NO DEFINIDO,MAGIC
FAM COOP CLORO 124OZ,BLEACHESBLEACHES,FAM COOP,FAM COOP
SENOR PODEROSO CLORO 120OZ,BLEACHESBLEACHES,NO DEFINIDO,SENOR PODEROSO
SENOR PODEROSO CLORO 62.5OZ,BLEACHESBLEACHES,NO DEFINIDO,SENOR PODEROSO
JUST THE BASICS REGULAR 64OZ (PL),BLEACHESBLEACHES,CVS,JUST THE BASICS
GOYA POLLO TOMATE POWDER 8 SOBRES = 2.25OZ,BOUILLONCUBESBOUILLONCUBES,GOYA FOOD INC.,GOYA
PAN PEPIN ENRICHE BUNS HOT DOG 14.5OZ,BREADSHAMBURGERS/HOTDOGS,PAN PEPIN,PAN PEPIN
MI PAN MEDIA NOCHE HOT DOG 6CT 22OZ,BREADSHAMBURGERS/HOTDOGS,MI PAN ASOCIADOS,MI PAN
HOSTESS BROWNIE BITES MINI BROWNIES CHOCOLATE 4CT = 8.8OZ,BROWNIES&BLONDIES,HOSTESS BRANDS INC.,HOSTESS
COUNTRY CROCK PLANT BUTTER SEA SALT 4CT 4OZ = 16OZ,BUTTER&MARGARINEBUTTER,UNILEVER,COUNTRY CROCK
COUNTRY CROCK LIGHT SPREAD BOWL 45OZ,BUTTER&MARGARINEMARGARINE&SPREADS,UNILEVER,COUNTRY CROCK
COUNTRY CROCK PLANT BUTTER AV OLIV OIL SPR 79% BOWL 10.5OZ,BUTTER&MARGARINEMARGARINE&SPREADS,UNILEVER,COUNTRY CROCK
MISS JONES FUDGY BROWNIE BAG 10.5OZ,CAKE&DESSERTMIXESCAKEMIXES,THE PURPLE MIXER,MISS JONES
RUGBY CALCIUM 600MG TABS 60CT,CALCIUMSUPPLEMENTSCALCIUMSUPPLEMENTS,NO DEFINIDO,RUGBY
GERI CARE OYSTER SHELL 500MG TABS 100EA,CALCIUMSUPPLEMENTSCALCIUMSUPPLEMENTS,NO DEFINIDO,GERI CARE
DEL MONTE PEAR CHUNKS 15.25OZ,CANNEDFRUITSCANNEDFRUITS,DEL MONTE FOODS,DEL MONTE
KIRKLAND SIGNATURE DICED PEACHES CUP 4OZ 20PK=80OZ(PL),CANNEDFRUITSCANNEDFRUITS,COSTCO WHOLESALE CORP,KIRKLAND SIGNATURE
GREAT VALUE MANDARIN ORANGE LIGHT SYRUP CAN 29OZ(PL),CANNEDFRUITSCANNEDFRUITS,WALMART,GREAT VALUE
CHEF FACTORY PINEAPPLE SLICE CAN 10OZ,CANNEDFRUITSCANNEDFRUITS,NO DEFINIDO,CHEF FACTORY
DEL MONTE SAUERKRAUT 8OZ,CANNEDVEGETABLESCANNEDVEGETABLES,DEL MONTE FOODS,DEL MONTE
BEST YET WHOLE KERNEL CORN CAN 15.25OZ,CANNEDVEGETABLESCANNEDVEGETABLES,SUPERMAX,BEST YET
BEST YET MUSHROOMS 4OZ,CANNEDVEGETABLESCANNEDVEGETABLES,SUPERMAX,BEST YET
GREAT VALUE SWEET CORN 14.5OZ,CANNEDVEGETABLESCANNEDVEGETABLES,WALMART,GREAT VALUE
LIBBY'S CORN 15.25OZ 12OZ = 183OZ,CANNEDVEGETABLESCANNEDVEGETABLES,SENECA,LIBBY'S
MARGARET HOLMES SUCCOTASH W/ ONION CAN 14.5OZ,CANNEDVEGETABLESCANNEDVEGETABLES,MARGARET HOLMES,MARGARET HOLMES
ECONO PIMIENTOS ROJOS CAN 7OZ,CANNEDVEGETABLESCANNEDVEGETABLES,SUPERMERCADOS ECONO,ECONO
ECONO PIMINETO ROJOCAN 88OZ,CANNEDVEGETABLESCANNEDVEGETABLES,SUPERMERCADOS ECONO,ECONO
DEL MONTE PRUNE CAN 12OZ,CANNEDVEGETABLESCANNEDVEGETABLES,DEL MONTE FOODS,DEL MONTE
NESTLE NESTUM TRIGO MANZANA & GUINEO CAN 9.5OZ,CEREALSBABYCEREALS,NESTLE,NESTUM
GENERAL MILLS COOKIE CRISP BOX 10.6OZ,CEREALSCOLDCEREALS,GENERAL MILLS,COOKIE CRISP
MC CALLUM'S ALL INKLUSIV ZERO W/APPLES BOX 12.3OZ,CEREALSCOLDCEREALS,NO DEFINIDO,MCCALLU'S
MC CALLUM'S ALL INKLUSIVE ZERO W/RAISINS BOX 12.3OZ,CEREALSCOLDCEREALS,NO DEFINIDO,MCCALLU'S
MALT O MEAL HONEY NUT SCOOTERS BAG 12OZ,CEREALSCOLDCEREALS,MALT-O-MEAL,MALT-O-MEAL
CATALINA CRUCH KETO MINT CHOCOLATE BAG 9OZ,CEREALSCOLDCEREALS,NO DEFINIDO,CATALINA
GENERAL MILLS CINNAMON TOST CRUNCH CHURROS BOX 19.7OZ,CEREALSCOLDCEREALS,GENERAL MILLS,TOAST CRUNCH
KELLOGG'S APPLE JACKS APPLE & CINNAMON BOX 14.7OZ,CEREALSCOLDCEREALS,KELLOGG'S,APPLE JACKS
PURELY ELIZABETH GRANOLA BANANA NUT BUTTER BAG 8OZ,CEREALSCOLDCEREALS,PURELY ELIZABETH,PURELY ELIZABETH
GENERAL MILLS TRIX BOX 13.9OZ,CEREALSCOLDCEREALS,GENERAL MILLS,TRIX
GENERAL MILLS LUCKY CHARMS CHOCOLATE BOX 18.8OZ,CEREALSCOLDCEREALS,GENERAL MILLS,LUCKY CHARMS
CAP'N CRUNCH BOX 12.6OZ,CEREALSCOLDCEREALS,QUAKER,CAPTAIN CRUNCH QUAKER OATS
KELLOGG'S RICE KRISPIES BOX 9OZ,CEREALSCOLDCEREALS,KELLOGG'S,RICE KRISPIES
GENERAL MILLS CHERRIO VERY BERRY BOX 19.5OZ,CEREALSCOLDCEREALS,GENERAL MILLS,CHEERIOS
NABISCO CREAM OF WHEAT BOX 14OZ,CEREALSHOTCEREALS,NABISCO,NABISCO
QUAKER INSTANT OATMEL LOW SUGAR VARIET PACK BOX 8CT = 9.3OZ,CEREALSHOTCEREALS,QUAKER,QUAKER
SUPERMAX CREAM OF CORN JAR 12OZ (PL),CEREALSHOTCEREALS,SUPERMAX,SUPER MAX
SUPERMAX FARINA JAR 16OZ (PL),CEREALSHOTCEREALS,SUPERMAX,SUPER MAX
MAGA 3 DESEOS MULTIGRANO JAR 16OZ,CEREALSHOTCEREALS,PRODS.LA FINCA,MAGA
SARGENTO NATURL SHARP CHEDDAR SLICES 8OZ,CHEESEINDIVIDUALLYWRAPPEDSLICES,SARGENTO FOODS,SARGENTO
AMEDEI MILK CHOCOLATE BAR 1.75OZ,CHOCOLATESCANDIESREGULARCHOCOLATES,NO DEFINIDO,NO DEFINIDO OGRDS
AMEDEI DARK CHOCOLATE BAR 1.75OZ,CHOCOLATESCANDIESREGULARCHOCOLATES,NO DEFINIDO,NO DEFINIDO OGRDS
OLIVA CREAME MILK CHOCO 10.5OZ,CHOCOLATESCANDIESREGULARCHOCOLATES,DOLCENERO,DOLCENERO
LIL'Y'S LESS SUGAR WHITE CHOCO 2.8OZ,CHOCOLATESCANDIESREGULARCHOCOLATES,LILY S SWEETS LLC,LILYS
BAJARI BITE CHOCOLATE CON ALMENDRA BAG 1.1OZ,CHOCOLATESCANDIESREGULARCHOCOLATES,BAJARI,BAJARI
REESES STICKS KING SIZE WRAP 3OZ,CHOCOLATESCANDIESREGULARCHOCOLATES,THE HERSHEY CO.,REESE'S
TOFFIFAY HAZELNUT CARAMEL CHOCOLATE BAG 1.16OZ,CHOCOLATESCANDIESREGULARCHOCOLATES,STORCK U.S.A.,TOFFIFAY
ARTESANIA TURRON DE CHOCOLATE BOX 5.3OZ,CHOCOLATESCANDIESREGULARCHOCOLATES,ARCOR,ARTESANIA
HERSHEY'S ASSORTED XL BAR WRAP 4.25OZ,CHOCOLATESCANDIESREGULARCHOCOLATES,THE HERSHEY CO.,HERSHEY'S
NICE! ALMOND W/COCA SEA SALT BAG 4.5OZ (PL),CHOCOLATESCANDIESREGULARCHOCOLATES,WALGREENS,NICE
NUCITA TARRO 12.3OZ,CHOCOLATESCANDIESREGULARCHOCOLATES,COLOMBINA,NUCITA
PAY DAY PEANUT & CARAMEL KING SIZE 3.4OZ,CHOCOLATESCANDIESREGULARCHOCOLATES,THE HERSHEY CO.,PAY DAY
TREAT STREET MILK & WHITE CHOCO FROSTY 1OZ,CHOCOLATESCANDIESREGULARCHOCOLATES,MY FAVORITE COMPANY,TREAT STREET
TWIX WHITE CHOCOLATE COOKIE BAR BAG 1.62OZ,CHOCOLATESCANDIESREGULARCHOCOLATES,MARS,TWIX
BAJARI BITE CHOCO W/CRANBERRIES ALMOND BAG 1.1OZ,CHOCOLATESCANDIESREGULARCHOCOLATES,BAJARI,BAJARI
SNICKERS ALMOND 2GO BAR 3.23OZ 24CT = 77.5OZ,CHOCOLATESCANDIESREGULARCHOCOLATES,MARS,SNICKERS
SIXLETS MILK CHOCO SNACK SIZE BAG 9OZ,CHOCOLATESCANDIESREGULARCHOCOLATES,SWEET WORKS.INC.,SIXLETS
CLOROX DISINFECTING WIPES CRISP LEMON 35CT,CLEANINGWIPESCLEANINGWIPES,CLOROX,CLOROX
LYSOL DESINFEC WIPES CITRUS SCENT 80 EA,CLEANINGWIPESCLEANINGWIPES,RECKITT BENCKISER,LYSOL
AFFRESH STEEL CLEANING WIPES 28CT,CLEANINGWIPESCLEANINGWIPES,WHIRLPOOL CORPORATION,AFFRESH
FOLGERS CLASSIC ROAST PODS 60CT/0.28O=16.93OZ,COFFEECOFFEECAPS,FOLGERS INC.,FOLGERS
NESTLE COFFEE MATE FRENCH VNILLA LIQ 56OZ 2CT = 112OZ,COFFEECREAMERS,NESTLE,COFFEE MATE
GREAT VALUE COFFEE CREAMER CHOCOLATE CARAMEL LIQUID 32OZ(PL),COFFEECREAMERS,WALMART,GREAT VALUE
CALIFIA FARMS ALMONDMILK CREAMER ALMOND & COCONUT LIQ 25.4OZ,COFFEECREAMERS,CALIFIA FARMS,CALIFIA FARMS
CHOBANI COLD BREW SWEET CREAMER LIQUID 32OZ,COFFEECREAMERS,CHOBANI INC.,CHOBANI
CAFE PILON BOLSA 16OZ,COFFEEREGULARCOFFEE,J.M. SMUCKER CO,CAFE PILON
EL COQUI BAG 14OZ,COFFEEREGULARCOFFEE,DE AQUI,EL COQUI
EL CHUPACABRA CAFE MOLIDO BAG 8OZ,COFFEEREGULARCOFFEE,GUSTOS COFFEE CO.,EL CHUPACABRA
GREAT VALUE 100% ARABI DONUT SHOP CAN 30.5OZ (PL),COFFEEREGULARCOFFEE,WALMART,GREAT VALUE
YAUCONO ORGANIC MOLIDO BOLSA 28OZ,COFFEEREGULARCOFFEE,PUERTO RICO COFFEE ROASTERS LLC,YAUCONO
ATALANTA SLICED SADDLE HAM PK 12OZ,COLDCUTSCOLDCUTS,MATOSANTOS COMMERCIAL,ATALANTA
ATLANTA SLICED HAM 8OZ,COLDCUTSCOLDCUTS,MATOSANTOS COMMERCIAL,ATALANTA
BOAR'S HEAD COOKED LOW FAT HAM 8OZ,COLDCUTSCOLDCUTS,BOARS HEAD,BOARS HEAD
HILLSHIRE FARM TRKEY BREAST SMOKED HAM VARIETY PACK 16OZ,COLDCUTSCOLDCUTS,HILLSHIRE FARM,HILLSHIRE FARM
LIFESTYLES SKYN EXCITE MALE NON LATEX LUBRICATED BOX 12CT,CONDONESCONDONES,LIFESTYLES,LIFESTYLES
CLIF BAR CHOCOLATE BROWNIE 2.4OZ 12CT = 28.8OZ,CONVENIENTBREAKFASTCEREALSBARS,CLIF BAR & CO.,CLIF
CLIF CRUNCHY PEANUT BUTTER MINI BARS 0.99OZ 20CT = 19.8OZ,CONVENIENTBREAKFASTCEREALSBARS,CLIF BAR & CO.,CLIF
GENERALS MILLS CHEERIOS TREATS 0.85OZ,CONVENIENTBREAKFASTCEREALSBARS,GENERAL MILLS,CHEERIOS
KELLOGG'S RICE KRISPIES TREAT MARSH BAR 0.39OZ 60CT = 23.2OZ,CONVENIENTBREAKFASTCEREALSBARS,KELLOGG'S,RICE KRISPIES
MEMBER'S MARK NUT BAR 1.41OZ 24CT = 33.8OZ,CONVENIENTBREAKFASTCEREALSBARS,WALMART,MEMBER'S MARK
QUAKER BIG CHEWY CHOCOLATE CHIP 1.48OZ 14CT = 20.7OZ,CONVENIENTBREAKFASTCEREALSBARS,QUAKER,CHEWY GRANOLA
CLIF BAR COOL MINT CHOCOLATE 2.4OZ 6CT= 14.4OZ,CONVENIENTBREAKFASTCEREALSBARS,CLIF BAR & CO.,CLIF
KELLOGG'S POP TARTS BITES FRO CHOC FUDG 1.4OZ/5CT= 7OZ,CONVENIENTBREAKFASTTOASTERPASTRY,KELLOGG'S,POP TARTS BITES
KELLOGGS POP TARTS BITES FROS CHOCO FUDGE 1.4OZ,CONVENIENTBREAKFASTTOASTERPASTRY,KELLOGG'S,POP TARTS BITES
MEMBERS MARK ACEITE DE OLIVA 17OZ (PL),COOKING&OLIVEOILCOOKINGOIL,WALMART,MEMBER'S MARK
ARA REAL CLEAR FRYING OIL BOT 35LB=560OZ,COOKING&OLIVEOILCOOKINGOIL,NO DEFINIDO,ARA REAL
SELECTOS ACEITE VEGETAL 17.5LB=280OZ (PL),COOKING&OLIVEOILCOOKINGOIL,SUPERMERCADOS SELECTOS,SELECTOS
TRIANA ACEITE OLIVA BLEND PLASTIC 17OZ,COOKING&OLIVEOILOLIVEOIL,TORRES Y RIBELLES S.A,TRIANA
COLAVITA EXTRA VIRGIN OLIVE GLASS 8.5OZ,COOKING&OLIVEOILOLIVEOIL,COLAVITA,COLAVITA
LA ESPANOLA EXTRA VIRGEN GLASS 17OZ,COOKING&OLIVEOILOLIVEOIL,ACESUR,LA ESPANOLA
ALESSI ITALIAN EXTRA VIRG OLIVE OIL BOT 3.85OZ/DIPPG SPIC ST,COOKING&OLIVEOILOLIVEOIL,NO DEFINIDO,ALESSI
CAI PARA MI EYESHADOW LIQUID 0.14OZ,COSMETICSEYES,CAI PARA MI,CAI PARA MI
CARGO HD PICTURE PERFECT EYE SHADOW PRIMER 0.35OZ,COSMETICSEYES,CARGO COSMETICS,CARGO
PROFUSION EYE SPARKLER TOPPE 0.2OZ (PL),COSMETICSEYES,PROFUSION COSMETICS,PROFUSION
E.L.F. BIG MOOD MASCARA 0.36OZ,COSMETICSEYES,JA COSMETICS US INC,E.L.F.
JOAH LASH UP MASCARA 0.2OZ (PL),COSMETICSEYES,CVS,JOAH
CAI PARA MI EYESHADOW LIQUID 0.14OZ,COSMETICSEYES,CAI PARA MI,CAI PARA MI
CAI PARA MI EYESHADOW LIQUID 0.14OZ,COSMETICSEYES,CAI PARA MI,CAI PARA MI
HARD CANDY MARILYN MONROE MASCARA 0.29OZ (PL),COSMETICSEYES,HARD CANDY,HARD CANDY
MAYBELLINE NEW YORK EXPRESS BROW PENCIL 0.02OZ,COSMETICSEYES,L'OREAL,MAYBELLINE
NYX PROFESSIONAL MAKEUP ULTIMATE EYESHADOW PRIMER LIQ 0.27OZ,COSMETICSEYES,L'OREAL,NYX
MAYBELLINE NEW YORK HYPEREASY EYELINER PENCIL 0.001OZ,COSMETICSEYES,L'OREAL,MAYBELLINE
NYX PROFESSIONAL MAKEUP ULTIMATE EYESHADOW PRIMER LIQ 0.27OZ,COSMETICSEYES,L'OREAL,NYX
COVERGIRL LASH BLAST CLEAN MASCARA 0.44OZ,COSMETICSEYES,COTY,COVER GIRL
MAYBELLINE NEW YORK EXPRESS BROW PENCIL 0.02OZ,COSMETICSEYES,L'OREAL,MAYBELLINE
NYX PROFESSIONAL MAKEUP JUMBO EYELINER PENCIL 0.18OZ,COSMETICSEYES,L'OREAL,NYX
100% PURE FOUNDATION POWDER 0.32OZ,COSMETICSFACE,100% PURE,100% PURE
COVERGIRL OUTLAS EXTREME WEAR FACE POWDER 0.3OZ,COSMETICSFACE,COTY,COVER GIRL
COVERGIRL OUTLAST EXTRME WEAR CONCEALER LIQUID 0.3OZ,COSMETICSFACE,COTY,COVER GIRL
COVERGIRL OUTLAST EXTRME WEAR CONCEALER LIQUID 0.3OZ,COSMETICSFACE,COTY,COVER GIRL
COVERGIRL OUTLAST XTREME WEAR CONCEALER LIQUID 0.3OZ,COSMETICSFACE,COTY,COVER GIRL
E.L.F. HYDRATIN CAMO CONCEALER LIQUID 0.2OZ,COSMETICSFACE,JA COSMETICS US INC,E.L.F.
E.L.F. PUF PUF PRIMER LIQUID 1.01OZ,COSMETICSFACE,JA COSMETICS US INC,E.L.F.
FLOWER BLUSH POWDER 0.21OZ (PL),COSMETICSFACE,FLOWER BEAUTY,FLOWER BEAUTY
FLOWER BLUSH POWDER 0.21OZ (PL),COSMETICSFACE,FLOWER BEAUTY,FLOWER BEAUTY
FLOWER BLUSH POWDER 0.21OZ (PL),COSMETICSFACE,FLOWER BEAUTY,FLOWER BEAUTY
L.A. COLORS SO CHEECKY BLUSH POWDER 0.78OZ,COSMETICSFACE,BEAUTY 21 COSMETICS,L.A.COLORS
L'OREAL PARIS TRUE MATCH NUDE SERUM 1OZ,COSMETICSFACE,L'OREAL,L'OREAL PARIS
L'OREAL PARIS TRUE MATCH NUDE SERUM 1OZ,COSMETICSFACE,L'OREAL,L'OREAL PARIS
L'OREAL PARIS TRUE MATCH NUDE SERUM 1OZ,COSMETICSFACE,L'OREAL,L'OREAL PARIS
MAYBELLINE NEW YORK FIT ME FOUNDATION LIQUID 1OZ,COSMETICSFACE,L'OREAL,MAYBELLINE
MAYBELLINE NEW YORK FIT ME FOUNDATION LIQUID 1OZ,COSMETICSFACE,L'OREAL,MAYBELLINE
MAYBELLINE NEW YORK FIT ME FOUNDATION LIQUID 1OZ,COSMETICSFACE,L'OREAL,MAYBELLINE
MAYBELLINE NEW YORK FIT ME FOUNDATION LIQUID 1OZ,COSMETICSFACE,L'OREAL,MAYBELLINE
NEUTROGENA FLAWLESS MATTE CC CREAM 1OZ,COSMETICSFACE,J&J,NEUTROGENA
NEUTROGENA FLAWLESS MATTE CC CREAM 1OZ,COSMETICSFACE,J&J,NEUTROGENA
NICKA K NEW YORK BLUSH POWDER 0.42OZ,COSMETICSFACE,NICKA K COSMETICS,NICKA K
NICKA K NEW YORK BLUSH POWDER 0.42OZ,COSMETICSFACE,NICKA K COSMETICS,NICKA K
NYX PROFESSIONAL MAKEP CAN'T STOP WON'T STOP FAC POW 0.21OZ,COSMETICSFACE,L'OREAL,NYX
NYX PROFESSIONAL MAKEP CAN'T STOP WON'T STOP FAC POW 0.21OZ,COSMETICSFACE,L'OREAL,NYX
PIXI BY PETRA H2O FACE TINTED GEL 1.2OZ,COSMETICSFACE,PIXI BEAUTY,PIXI
PUR DISAPPEARING INK 4 IN 1 CONCEALER PEN 0.12OZ (PL),COSMETICSFACE,PUR MINERALS,PUR
COVERGIRL OUTLST EXTREME WEAR FACE POWDER 0.39OZ,COSMETICSFACE,COTY,COVER GIRL
E.L.F. HYDRATIN CAMO CONCEALER LIQUID 0.2OZ,COSMETICSFACE,JA COSMETICS US INC,E.L.F.
E.L.F. HYDRATIN CAMO CONCEALER LIQUID 0.2OZ,COSMETICSFACE,JA COSMETICS US INC,E.L.F.
ELIZABETH ARDEN CERAMID PLUMP PERFECT FOUNDATION 1OZ,COSMETICSFACE,REVLON,ELIZABETH ARDEN
NEUTROGENA COLOR CORRECTING CONCEALER LIQUID 0.24OZ,COSMETICSFACE,J&J,NEUTROGENA
NEUTROGENA COLOR CORRECTING CONCEALER LIQUID 0.24OZ,COSMETICSFACE,J&J,NEUTROGENA
NEUTROGENA COLOR CORRECTING CONCEALER LIQUID 0.24OZ,COSMETICSFACE,J&J,NEUTROGENA
NEUTROGENA COLOR CORRECTING FACE POWDER COMPACT 0.38OZ,COSMETICSFACE,J&J,NEUTROGENA
NEUTROGENA FLAWLESS MATTE CC CREAM 1OZ,COSMETICSFACE,J&J,NEUTROGENA
NEUTROGENA FLAWLESS MATTE CC CREAM 1OZ,COSMETICSFACE,J&J,NEUTROGENA
NEUTROGENA FLAWLESS MATTE CC CREAM 1OZ,COSMETICSFACE,J&J,NEUTROGENA
THE CREME SHOP FULL COVERAGE BB CREAM 1.69OZ,COSMETICSFACE,THE CREME SHOP,THE CREME SHOP
COVERGIRL CLEAN FOUNDATION LIQUID 1OZ,COSMETICSFACE,COTY,COVER GIRL
COVERGIRL OUTLAST XTREME WEAR CONCEALER LIQUID 0.3OZ,COSMETICSFACE,COTY,COVER GIRL
L'OREAL PARIS TRUE MATCH NUDE SERUM 1OZ,COSMETICSFACE,L'OREAL,L'OREAL PARIS
L'OREAL PARIS TRUE MATCH NUDE SERUM 1OZ,COSMETICSFACE,L'OREAL,L'OREAL PARIS
NYX PROFESSIONAL MAKEP CAN'T STOP WON'T STOP FAC POW 0.21OZ,COSMETICSFACE,L'OREAL,NYX
NYX PROFESSIONAL MAKEP CAN'T STOP WON'T STOP FAC POW 0.21OZ,COSMETICSFACE,L'OREAL,NYX
NYX PROFESSIONAL MAKEP CAN'T STOP WON'T STOP FAC POW 0.21OZ,COSMETICSFACE,L'OREAL,NYX
E.L.F BLUSH POWDER 0.18OZ,COSMETICSFACE,JA COSMETICS US INC,E.L.F.
MAYBELLINE NEW YORK FIT ME FOUNDATION LIQUID 1OZ,COSMETICSFACE,L'OREAL,MAYBELLINE
NYX PROFESSIONA MAKEUP CAN'T STOP WON'T STOP FAC POW 0.21OZ,COSMETICSFACE,L'OREAL,NYX
COVERGIRL CLEAN MATTE FOUNDATION LIQUID 1OZ,COSMETICSFACE,COTY,COVER GIRL
COVERGIRL OUTLAST XTREME WEAR CONCEALER LIQUID 0.3OZ,COSMETICSFACE,COTY,COVER GIRL
COVERGIRL OUTLAST XTREME WEAR CONCEALER LIQUID 0.3OZ,COSMETICSFACE,COTY,COVER GIRL
COVERGIRL OUTLAS EXTREME WEAR FACE POWDER 0.3OZ,COSMETICSFACE,COTY,COVER GIRL
COVERGIRL OUTLAS EXTREME WEAR FACE POWDER 0.3OZ,COSMETICSFACE,COTY,COVER GIRL
L'OREAL PARIS TRUE MATCH NUDE SERUM 1OZ,COSMETICSFACE,L'OREAL,L'OREAL PARIS
L'OREAL PARIS TRUE MATCH NUDE SERUM 1OZ,COSMETICSFACE,L'OREAL,L'OREAL PARIS
COVERGIRL OUTLST EXTREME WEAR FACE POWDER 0.39OZ,COSMETICSFACE,COTY,COVER GIRL
COVERGIRL OUTLST EXTREME WEAR FACE POWDER 0.39OZ,COSMETICSFACE,COTY,COVER GIRL
COVERGIRL OUTLAST XTREME WEAR CONCEALER LIQUID 0.3OZ,COSMETICSFACE,COTY,COVER GIRL
WET N WILD PRIMEFOCUS PRIMER SERUM 1OZ,COSMETICSFACE,MARKWINS INT.,WET N WILD
COLORMATES LIPS CRAYON 0.14OZ,COSMETICSLIPS,COLORMATES COSMETICS,COLORMATES
E.L.F. HYDRATING CORE LIP SHINE 0.09OZ,COSMETICSLIPS,JA COSMETICS US INC,E.L.F.
L.A. COLORS LIPGLOSS 0.34OZ,COSMETICSLIPS,BEAUTY 21 COSMETICS,L.A.COLORS
L'OREAL PARIS INFALLIBLE PRO MATTE LIPSTICK LIQUID 0.21OZ,COSMETICSLIPS,L'OREAL,L'OREAL PARIS
L'OREAL PARIS INFALLIBLE PRO MATTE LIPSTICK LIQUID 0.21OZ,COSMETICSLIPS,L'OREAL,L'OREAL PARIS
MAYBELLINE NEW YORK SUPE STAY 24COLOR LIPCOLOR LIQUI 0.14OZ,COSMETICSLIPS,L'OREAL,MAYBELLINE
PIXI BY PETRA NATURELLELIP LIPCOLOR 0.1OZ,COSMETICSLIPS,PIXI BEAUTY,PIXI
PIXI BY PETRA NATURELLELIP LIPCOLOR 0.1OZ,COSMETICSLIPS,PIXI BEAUTY,PIXI
E.L.F. HYDRATING CORE LIP SHINE 0.09OZ,COSMETICSLIPS,JA COSMETICS US INC,E.L.F.
E.L.F. HYDRATING CORE LIP SHINE 0.09OZ,COSMETICSLIPS,JA COSMETICS US INC,E.L.F.
E.L.F. HYDRATING CORE LIP SHINE 0.09OZ,COSMETICSLIPS,JA COSMETICS US INC,E.L.F.
FLOWER LIPSTICK 0.31OZ (PL),COSMETICSLIPS,FLOWER BEAUTY,FLOWER BEAUTY
FLOWER LIPSTICK 0.31OZ (PL),COSMETICSLIPS,FLOWER BEAUTY,FLOWER BEAUTY
MAYBELLINE NEW YORK SUPE STAY 24COLOR LIPCOLOR LIQUI 0.14OZ,COSMETICSLIPS,L'OREAL,MAYBELLINE
COVERGIRL EXHIBITIONIST ULTRA MATTE LIPSTICK 0.09OZ,COSMETICSLIPS,COTY,COVER GIRL
COVERGIRL EXHIBITIONIST ULTRA MATTE LIPSTICK 0.09OZ,COSMETICSLIPS,COTY,COVER GIRL
L'OREAL PARIS INFALLIBLE PRO MATTE LIPSTICK LIQUID 0.21OZ,COSMETICSLIPS,L'OREAL,L'OREAL PARIS
L'OREAL PARIS INFALLIBLE PRO MATTE LIPSTICK LIQUID 0.21OZ,COSMETICSLIPS,L'OREAL,L'OREAL PARIS
L'OREAL PARIS INFALLIBLE PRO MATTE LIPSTICK LIQUID 0.21OZ,COSMETICSLIPS,L'OREAL,L'OREAL PARIS
L'OREAL PARIS INFALLIBLE PRO MATTE LIPSTICK LIQUID 0.21OZ,COSMETICSLIPS,L'OREAL,L'OREAL PARIS
MAYBELLINE NEW YORK SUPE STAY 24COLOR LIPCOLOR LIQUI 0.14OZ,COSMETICSLIPS,L'OREAL,MAYBELLINE
NYX PROFESSIONAL MAKEUP BUTTER GLOSS 0.27OZ,COSMETICSLIPS,L'OREAL,NYX
NYX PROFESSIONAL MAKEUP LINGERIE LIPSTICK LIQUID 0.13OZ,COSMETICSLIPS,L'OREAL,NYX
NYX PROFESSIONAL MAKEUP LINGERIE LIPSTICK LIQUID 0.13OZ,COSMETICSLIPS,L'OREAL,NYX
NYX PROFESSIONAL MAKEUP LINGERIE LIPSTICK LIQUID 0.13OZ,COSMETICSLIPS,L'OREAL,NYX
COLORINA NAIL COLOR  0.5OZ,COSMETICSNAILS,TOTAL COSMETICS DISTRIBUTORS,COLORINA
COLORINA NAIL COLOR  0.5OZ,COSMETICSNAILS,TOTAL COSMETICS DISTRIBUTORS,COLORINA
ESSIE GEL COUTURE NAIL COLOR 0.46OZ,COSMETICSNAILS,L'OREAL,ESSIE
ESSIE NAIL COLOR 0.46OZ,COSMETICSNAILS,L'OREAL,ESSIE
ESSIE NAIL COLOR 0.46OZ,COSMETICSNAILS,L'OREAL,ESSIE
ESSIE NAIL COLOR 0.46OZ,COSMETICSNAILS,L'OREAL,ESSIE
ESSIE NAIL COLOR 0.46OZ,COSMETICSNAILS,L'OREAL,ESSIE
ESSIE NAIL COLOR 0.46OZ,COSMETICSNAILS,L'OREAL,ESSIE
L.A. COLORS GEL COLOR CRAZE NAIL POLISH 0.44OZ,COSMETICSNAILS,BEAUTY 21 COSMETICS,L.A.COLORS
L.A. COLORS QUICK COLOR NAIL POLISH 0.49OZ,COSMETICSNAILS,BEAUTY 21 COSMETICS,L.A.COLORS
POP ARAZI TOP COAT 0.37OZ (PL),COSMETICSNAILS,CVS,POP ARAZZI
POP ARAZI TOP COAT 0.37OZ (PL),COSMETICSNAILS,CVS,POP ARAZZI
POP ARAZZI CUTICLE OIL 0.5OZ (PL),COSMETICSNAILS,CVS,POP ARAZZI
POP-ARAZZI NAIL POLISH 0.37OZ (PL),COSMETICSNAILS,CVS,POP ARAZZI
POP-ARAZZI NAIL POLISH 0.37OZ (PL),COSMETICSNAILS,CVS,POP ARAZZI
POP-ARAZZI NAIL POLISH 0.37OZ (PL),COSMETICSNAILS,CVS,POP ARAZZI
POP-ARAZZI NAIL POLISH 0.37OZ (PL),COSMETICSNAILS,CVS,POP ARAZZI
POP-ARAZZI NAIL POLISH 0.37OZ (PL),COSMETICSNAILS,CVS,POP ARAZZI
POP-ARAZZI NAIL POLISH 0.37OZ (PL),COSMETICSNAILS,CVS,POP ARAZZI
POP-ARAZZI NAIL POLISH 0.37OZ (PL),COSMETICSNAILS,CVS,POP ARAZZI
POP-ARAZZI NAIL POLISH 0.37OZ (PL),COSMETICSNAILS,CVS,POP ARAZZI
REVLON NAIL ENAMEL 0.5OZ,COSMETICSNAILS,REVLON,REVLON
SALLY HANSEN HARD AS NAILS XTREME WEAR NAIL COLOR 0.4OZ,COSMETICSNAILS,COTY,SALLY HANSEN
SALLY HANSEN HARD AS NAILS XTREME WEAR NAIL COLOR 0.4OZ,COSMETICSNAILS,COTY,SALLY HANSEN
SALLY HANSEN XTREME WEAR NAIL COLOR 0.4OZ,COSMETICSNAILS,COTY,SALLY HANSEN
SENSATIONAIL GEL POLISH NAIL COLOR 0.25OZ,COSMETICSNAILS,PACIFIC WORLD CO.,SENSATIONAIL
ESSIE EXPRESSIE NAIL COLOR 0.33OZ,COSMETICSNAILS,L'OREAL,ESSIE
ESSIE EXPRESSIE NAIL COLOR 0.33OZ,COSMETICSNAILS,L'OREAL,ESSIE
ESSIE EXPRESSIE NAIL COLOR 0.33OZ,COSMETICSNAILS,L'OREAL,ESSIE
ESSIE EXPRESSIE NAIL COLOR 0.33OZ,COSMETICSNAILS,L'OREAL,ESSIE
ESSIE EXPRESSIE NAIL COLOR 0.33OZ,COSMETICSNAILS,L'OREAL,ESSIE
ESSIE EXPRESSIE NAIL COLOR 0.33OZ,COSMETICSNAILS,L'OREAL,ESSIE
SALLY HANSEN XTREME WEAR NAIL COLOR 0.4OZ,COSMETICSNAILS,COTY,SALLY HANSEN
ORLY BREATHABLE NAILCOLOR 0.37OZ,COSMETICSNAILS,ORLY INT.,ORLY
A+ NAILS TOP COAT 0.5OZ,COSMETICSNAILS,AMEN BEAUTY,A+ NAILS
SALLY HANSEN MIRACLE GEL NAIL COLOR 0.5OZ W/TOP COAT 0.5OZ,COSMETICSNAILS,COTY,SALLY HANSEN
SALLY HANSEN MIRACLE GEL NAIL COLOR&TOP COAT 0.5OZ 2CT = 1OZ,COSMETICSNAILS,COTY,SALLY HANSEN
SALLY HANSEN MIRACLE GEL NAIL COLOR&TOP COAT 0.5OZ 2CT = 1OZ,COSMETICSNAILS,COTY,SALLY HANSEN
SALLY HANSEN MIRECLE GEL NAIL COLOR 0.5OZ W/ TOP COAT 0.5OZ,COSMETICSNAILS,COTY,SALLY HANSEN
SALLY HANSEN MIRACLE DUO NAIL COLOR GEL TOP COAT 2CT = 1OZ,COSMETICSNAILS,COTY,SALLY HANSEN
SALLY HANSEN MIRACLE DUO NAIL COLOR GEL TOP COAT 2CT = 1OZ,COSMETICSNAILS,COTY,SALLY HANSEN
SALLY HANSEN MIRACLE GEL NAIL COLOR&TOP COAT 0.5OZ 2CT = 1OZ,COSMETICSNAILS,COTY,SALLY HANSEN
BENADRYL CHILDREN AL CHERRY LIQUID 4OZ,COUGH&COLDREMEDIESALLERGY&SINUSLIQUID,J&J,BENADRYL
EQUATE CHILD AL 12HR BERRY LIQUID 4OZ (PL),COUGH&COLDREMEDIESALLERGY&SINUSLIQUID,WALMART,EQUATE
EQUATE AL TABLET 100CT (PL),COUGH&COLDREMEDIESALLERGY&SINUSSOLID,WALMART,EQUATE
CVS HEALTH AL ORIGINA STRENGTH TABLET 30CT (PL),COUGH&COLDREMEDIESALLERGY&SINUSSOLID,CVS,CVS
EQUATE AL SOFTGEL 24CT (PL),COUGH&COLDREMEDIESALLERGY&SINUSSOLID,WALMART,EQUATE
PURE AID AL TABLET 24CT,COUGH&COLDREMEDIESALLERGY&SINUSSOLID,KAREWAY PRODS.,PURE-AID
QUALITY CHOIC AL ORIGINAL STRENGTH 24HR TABLET 100CT (PL),COUGH&COLDREMEDIESALLERGY&SINUSSOLID,WALMART,QUALITY CHOICE
MUCINEX CL & FL NIGHTTIME ELDERBERRY LIQUID 6OZ,COUGH&COLDREMEDIESCOLD&FLULIQUID,RECKITT BENCKISER,MUCINEX
CVS HEALTH HBP CH CONGESTION TABLET 20CT (PL),COUGH&COLDREMEDIESCOLD&FLUSOLID,CVS,CVS
CVS HEALTH MUCUS EXTENDED RELEASE TABLET 68CT (PL),COUGH&COLDREMEDIESCOLD&FLUSOLID,CVS,CVS
QUALITY CHOICE MUCUS RELIEF MAXIMUM STRENGT TABLET 14CT (PL),COUGH&COLDREMEDIESCOLD&FLUSOLID,WALMART,QUALITY CHOICE
EQUATE VAPOR ICE SEVERE CL&FL DAY NIGHTTIME CAPLET 24CT (PL),COUGH&COLDREMEDIESCOLD&FLUSOLID,WALMART,EQUATE
ZARBEE'S NATURALS BABY CG CHERRY LIQUID 2OZ,COUGH&COLDREMEDIESCOUGHFORMULA,ZARBEE S INC.,ZARBEES
GOOD SENSE CHILDREN COUGH DM 12HR ORANGE LIQUID 5OZ,COUGH&COLDREMEDIESCOUGHFORMULA,GOOD SENSE,GOOD SENSE
MUCINEX FAST MAX SEVER CONGES&CG MAX STR LIQ 9OZ 2CT = 18OZ,COUGH&COLDREMEDIESCOUGHFORMULA,RECKITT BENCKISER,MUCINEX
ROBITUSSIN CG&CH DAY NIGHTT MAX STRE HONEY LIQ 4OZ 2CT = 8OZ,COUGH&COLDREMEDIESCOUGHFORMULA,PFIZER,ROBITUSSIN
KELLOGG'S CLUB CRIPS SEA SALT BOX 20OZ,CRACKERSANDCOOKIESSNACKCRACKERS,KELLOGG'S,KELLOGG'S
FOOD CLUB SALTINES WHOLE GRAIN BOX 16OZ (PL),CRACKERSANDCOOKIESSNACKCRACKERS,PUEBLO,FOOD CLUB
CARR'S TABLE WATER CRACKERS BOX 2.2OZ,CRACKERSANDCOOKIESSNACKCRACKERS,KELLOGG'S,CARR'S
CHEEZ IT SNACK CRACKERS WHITE CHEDDAR BOX 12.4OZ,CRACKERSANDCOOKIESSNACKCRACKERS,KELLOGG'S,CHEEZ-IT
CHEEZ IR CHARACTERS SNACK CRACKERS BOX 21OZ,CRACKERSANDCOOKIESSNACKCRACKERS,KELLOGG'S,CHEEZ-IT
CHEEZ IT EXTRA CHEESY CRACKERS BOX 7OZ,CRACKERSANDCOOKIESSNACKCRACKERS,KELLOGG'S,CHEEZ-IT
CHEEZ IT GROOVES WHITE CHEDDAR CHEESE BOX 9OZ,CRACKERSANDCOOKIESSNACKCRACKERS,KELLOGG'S,SUNSHINE
BRITANNIA TREAT BUZZY STRAWBERRY COOKIES 4.23OZ,CRACKERSANDCOOKIESSWEETCOOKIES,BRITANNIA INDUSTRIES,BRTIANNIA
COLOMBINA BRINKY SANDWICH COOKIE VANILLA BAG 10.6OZ,CRACKERSANDCOOKIESSWEETCOOKIES,COLOMBINA,BRIDGE
FAMOUS AMOS BTE SIZE CHOCOLATE CHIP CKIES 1.2OZ 20PK = 24OZ,CRACKERSANDCOOKIESSWEETCOOKIES,FERRERO,FAMOUS AMOS
LAKANTO KETO CRUNCHY CHOCOLATE CHIP COOKIES BAG 2.25OZ,CRACKERSANDCOOKIESSWEETCOOKIES,SARAYA CANADA CO,LAKANTO
LENNY & LARRY'S KETO COOKIE COCONUT BAG 1.6OZ,CRACKERSANDCOOKIESSWEETCOOKIES,PEPPERIDGE FARM,LENNY & LARRY S
NABISCO BELVITA BREAKFAST BLUEBERRY BOX 1.76OZ 8PK = 14.08OZ,CRACKERSANDCOOKIESSWEETCOOKIES,MONDELEZ INT.,BELVITA
NABISCO CHIPS AHOY! WHITE FUDGE CHUNKY BAG 11.75OZ,CRACKERSANDCOOKIESSWEETCOOKIES,MONDELEZ INT.,CHIPS AHOY
NATURE VALLEY BREAKFAST BISCUITS HONEY 1.77OZ,CRACKERSANDCOOKIESSWEETCOOKIES,GENERAL MILLS,NATURE VALLEY
REKO PIZZELLE ITALIAN WAFFLE VANILLA COOKIE 6OZ,CRACKERSANDCOOKIESSWEETCOOKIES,NUSTEF FOODS,REKO PIZZELLE
RIP VAN WAFEL HONEY & OATS WAFERS BAG 1.16OZ,CRACKERSANDCOOKIESSWEETCOOKIES,RIP VAN INC,RIP VAN
ROVIRA ROSITAS CRACKERS CANNISTER 36OZ,CRACKERSANDCOOKIESSWEETCOOKIES,ROVIRA,ROSITAS
U BUTTER COOKIES TIN 4OZ,CRACKERSANDCOOKIESSWEETCOOKIES,UNIVERSAL DISTRIBUTION CENTER LLC,U
WALKERS BUTTER SHORTBREAD ON THE GO 6CT = 7.2OZ,CRACKERSANDCOOKIESSWEETCOOKIES,WALKERS SHORTBREAD,WALKER
FRESHNESS GUARANTD OLD FASHIOND PEANT BTER CKIES TRY14OZ(PL),CRACKERSANDCOOKIESSWEETCOOKIES,WALMART,FRESHNESS GUARANTED
LIL DUTCH MAID VANILLA CREME SANDWICH BAG 5OZ,CRACKERSANDCOOKIESSWEETCOOKIES,FEHR FOOD,LIL DUTCH MAID
RIP VAN WAFEL CHOCOLATE BROWNIE WAFERS BAG 1.16OZ,CRACKERSANDCOOKIESSWEETCOOKIES,RIP VAN INC,RIP VAN
RIP VAN WAFEL COOKIES & CREAM WAFERS BAG 1.16OZ,CRACKERSANDCOOKIESSWEETCOOKIES,RIP VAN INC,RIP VAN
RIP VAN WAFELS CARAMEL & VANILLA WAFERS BAG 1.16OZ,CRACKERSANDCOOKIESSWEETCOOKIES,RIP VAN INC,RIP VAN
BELVITA BREAKFAST CINAMON BROWN SUGAR BOX 30CT = 52.91OZ,CRACKERSANDCOOKIESSWEETCOOKIES,MONDELEZ INT.,BELVITA
NABISCO OREO DOBLE STUFF CHOCO SNDWCH 2CT = 1.02OZ,CRACKERSANDCOOKIESSWEETCOOKIES,MONDELEZ INT.,OREO
MARKETSIDE DECADENT CHOCOLATE CDY BAR COOKIE TRY 13.5OZ(PL),CRACKERSANDCOOKIESSWEETCOOKIES,WALMART,MARKETSIDE
MARKETSIDE DECADENT PEANUT BTTER COOKIETRAY 13.5OZ(PL),CRACKERSANDCOOKIESSWEETCOOKIES,WALMART,MARKETSIDE
SAM'S CHOICE DARK CHOCOLATE COOKIES 8OZ(PL),CRACKERSANDCOOKIESSWEETCOOKIES,WALMART,SAM'S CHOICE
THE BAKERY BAKED WITH PRIDE MNI FRSTED SGAR CKIES 10.5OZ(PL),CRACKERSANDCOOKIESSWEETCOOKIES,WALMART,THE BAKERY
TOSH SANDWICH YOGURT & STRAWBRRY BG 8CT = 5.8OZ,CRACKERSANDCOOKIESSWEETCOOKIES,NOEL,TOSH
RICA SUNLAND COOKIES 8CT = 6OZ,CRACKERSANDCOOKIESSWEETCOOKIES,ROYAL BORINQUEN,RICA
ROYAL BORINQUEN VANILLA IMPERIAL BOX 6OZ,CRACKERSANDCOOKIESSWEETCOOKIES,ROYAL BORINQUEN,IMPERIAL
COLGATE MAX FRESH COOLING CRYSTLALS MENTHOL FRESH GEL 7OZ,DENTALCARETOOTHPASTE,COLGATE PALMOLIVE,COLGATE
COLGATE MAX FRESH PEPPERMINT ICE GEL 7OZ,DENTALCARETOOTHPASTE,COLGATE PALMOLIVE,COLGATE
COLGATE OPTIC WHITE ENAMEL STRENGHT REGULAR 3OZ 2CT = 6OZ,DENTALCARETOOTHPASTE,COLGATE PALMOLIVE,COLGATE
CREST PLUS SCOPE WHITE LNG LSTING MNT 6.5 5CT = 32.5OZ,DENTALCARETOOTHPASTE,P&G,CREST
DESERT ESSENCE NAUTRAL NEEM CINNAMINT PASTE 6.25OZ,DENTALCARETOOTHPASTE,DESERT ESSENCE,DESERT ESSENCE
AXE DARK TEMPTATION FRESH DEO BODY SPRAY 4OZ,DEODORANTBODYSPRAYBODYSPRAY,UNILEVER,AXE
AXE MARINE BODY SPRAY 5.07OZ,DEODORANTBODYSPRAYBODYSPRAY,UNILEVER,AXE
OLD SPICE CAPTAIN DEODORANT BODY SPRAY 5.1OZ,DEODORANTBODYSPRAYBODYSPRAY,P&G,OLD SPICE HIGH ENDURANCE
DOVE ORIGINAL AP AEROSOL CAN 5.07OZ,DEODORANTS&ANTIPERSPIRANTSAEROSOL,UNILEVER,DOVE
DOVE INVISIBLE CARE FLORAL TOUCH AP DRY SPRAY CAN 8.45OZ,DEODORANTS&ANTIPERSPIRANTSAEROSOL,UNILEVER,DOVE
DOVE ORIGINAL AP AEROSOL CAN 5.07OZ,DEODORANTS&ANTIPERSPIRANTSAEROSOL,UNILEVER,DOVE
RIGHT GUARD XTREME DEFENSE 5 FRESH BLAST AP MEN GEL 3OZ,DEODORANTS&ANTIPERSPIRANTSGEL,HENKEL,RIGHT GUARD XTREME
LAFES EXTRA STRENGTH ROLL-ON DO 3OZ,DEODORANTS&ANTIPERSPIRANTSROLL-ON,LAFE'S BODY CARE,LAFE'S NATURAL & ORGANIC
LAFES UNSCENTED ROLL-ON DO 3OZ,DEODORANTS&ANTIPERSPIRANTSROLL-ON,LAFE'S BODY CARE,LAFE'S NATURAL & ORGANIC
LAFES SOOTHE LAVENDER & ALOE ROLL-ON DO 3OZ,DEODORANTS&ANTIPERSPIRANTSROLL-ON,LAFE'S BODY CARE,LAFE'S NATURAL & ORGANIC
DOVE POWDER ANTIPERSPIRANT ROLL ON 1.69OZ,DEODORANTS&ANTIPERSPIRANTSROLL-ON,UNILEVER,DOVE
SUAVE INVISIBLE SOLID SWET PEA AP STICK 1.2OZ,DEODORANTS&ANTIPERSPIRANTSSTICK,UNILEVER,SUAVE
LAFES UNSCENTED HAZEL & ALOE DO STICK 2.25OZ,DEODORANTS&ANTIPERSPIRANTSSTICK,LAFE'S BODY CARE,LAFE'S NATURAL & ORGANIC
SECRET INVISIBLE SOLID REFILL LAVENDER STICK AP 2OZ,DEODORANTS&ANTIPERSPIRANTSSTICK,P&G,SECRET
DOVE ADVANCE CARE GO FRSH REVIVE AP/DO STCK 2.6OZ/4CT=10.4OZ,DEODORANTS&ANTIPERSPIRANTSSTICK,UNILEVER,DOVE
SUAVE COCONUT KISS INVISIBLE INVISIBLE SOLID AP STICK 1.2OZ,DEODORANTS&ANTIPERSPIRANTSSTICK,UNILEVER,SUAVE
KIRKLAND SIGNATURE DIAPERS PACK SIZE1 192CT (PL),DISPOSABLEDIAPERSDISPOSABLEDIAPERS,COSTCO WHOLESALE CORP,KIRKLAND SIGNATURE
PARENT'S CHOICE NEWBORN DIAPERS 42CT (PL),DISPOSABLEDIAPERSDISPOSABLEDIAPERS,WALMART,PARENT'S CHOICE
PAMPERS SWADDLERS DIAPER HUGE PACK SZ1 168CT,DISPOSABLEDIAPERSDISPOSABLEDIAPERS,P&G,PAMPERS
PAMPERS SWADDLERS DIAPERS HUGE PACK SZ7 72CT,DISPOSABLEDIAPERSDISPOSABLEDIAPERS,P&G,PAMPERS
PURE N' GENTLE WIPES SENSIT SKIN UNSC 36CT,DISPOSABLETOWELSDISPOSABLETOWELS,ROCKLINE,PURE & GENTLE
SOFFS BABY WIPES SCENTED REFILL 80CT,DISPOSABLETOWELSDISPOSABLETOWELS,ROCKLINE,SOFFS
MOLI PASTA SPAGHETTI BAG 16OZ,DRYPASTADRYPASTA,COREX,MOLI PASTA
MUELLER'S MACARONI RUFFLES BOX 16OZ,DRYPASTADRYPASTA,TREEHOUSE FOODS INC.,MUELLER'S
MUELLER'S TRI COLOR ROTINI BOX 12OZ,DRYPASTADRYPASTA,TREEHOUSE FOODS INC.,MUELLER'S
RISCOSSA PENNE ZITE RIGATE BAG 16OZ,DRYPASTADRYPASTA,PASTA RISCOSSA,RISCOSSA
SKINNER ELBOWS BAG 12OZ,DRYPASTADRYPASTA,RIVIANA FOODS,SKINNER
WILD HARVEST SPAGHETTI BOX 12OZ,DRYPASTADRYPASTA,SUPER VALU,WILD HARVEST
ARMANDO ANGEL HAIR BAG 16OZ,DRYPASTADRYPASTA,PASTA ARMANDO,ARMANDO
ARMANDO ELBOW BAG 16OZ,DRYPASTADRYPASTA,PASTA ARMANDO,ARMANDO
BEST YET FETTUCCINE BOX 16OZ,DRYPASTADRYPASTA,SUPERMAX,BEST YET
LA MODERNA MACARONI BAG 7OZ,DRYPASTADRYPASTA,PRODUCTOS ALIMENTICIOS LA MODERNA SA,LA MODERNA
MEMBERS MARK PENNE RIGATE 16OZ (PL),DRYPASTADRYPASTA,WALMART,MEMBER'S MARK
EQUATE CHILDREN ELECTROLYTE MIXED FRUIT 33.8OZ (PL),ELECTROLYTEELECTROLYTE,WALMART,EQUATE
C4 ORIGINAL ZERO SUGAR PURPLE FROST CAN 16OZ,ENERGYDRINKSENERGYDRINKS,CELLUCOR,C4
CELSIUS LIVE FIT PEACH VIBE CAN 12OZ,ENERGYDRINKSENERGYDRINKS,CELSIUS HOLDINGS INC.,CELSIUS
ZEVIA ENERGY RASPBERRY LIME ZERO SUGAR CAN 12OZ,ENERGYDRINKSENERGYDRINKS,NO DEFINIDO,ZEVIA
MONSTER TAURINE ZERO CAN 16OZ,ENERGYDRINKSENERGYDRINKS,MONSTER ENERGY,MONSTER
ABSORBINE JR BACK PATCH PAIN RELIE REG STRNGTH BOX 1CT,EXTERNALANALGESICSEXTERNALANALGESICS,W. F. YOUNG,ABSORBINE JR
GO LIFE ANTI PAIN EMU OIL & ARNICA CREAM TUBE 4OZ,EXTERNALANALGESICSEXTERNALANALGESICS,GO LIFE,GO LIFE
QUALITY CHOICE PAIN RELIEF LIDOCAINE CREAM BOX 2.7OZ (PL),EXTERNALANALGESICSEXTERNALANALGESICS,WALMART,QUALITY CHOICE
THERAWORX RELIEF ARTHRITIS JOIN DISCONF INFL FOAM 3.4OZ,EXTERNALANALGESICSEXTERNALANALGESICS,NO DEFINIDO,THERAWORX
THERAWORX RELIEF FAST MUSCLE SORENESS FOAM 3.4OZ,EXTERNALANALGESICSEXTERNALANALGESICS,NO DEFINIDO,THERAWORX
EQUATE BURN RELIEF LIDOCAINA BOT GEL 8OZ (PL),EXTERNALANALGESICSEXTERNALANALGESICS,WALMART,EQUATE
GO LIFE ANTI PAIN TRAVEL CREAM TUBE 4OZ,EXTERNALANALGESICSEXTERNALANALGESICS,GO LIFE,GO LIFE
ALCON GENTEAL TEARS LUBRICANT GEL DROPS 0.3OZ,EYEDROPSEYEDROPS,ALCON,GENTEAL
QUALITY CHOICE LUBRICANT DROPS 0.01OZ 30CT = 0.3OZ,EYEDROPSEYEDROPS,WALMART,QUALITY CHOICE
TOP CARE STERILE EYE DROPS 0.5OZ (PL),EYEDROPSEYEDROPS,PUEBLO,TOP CARE
ENSUENO MAX VIOLET BOUQUET 34LD BOT 50OZ,FABRICSOFTENERSFABRICSOFTENERS,ALEN,ENSUENO
BOUNCE OUTDOO FRESH WRINKLEGUARD SHEET 60CT,FABRICSOFTENERSFABRICSOFTENERSSHEETS,P&G,BOUNCE
BOUNCE OUTDOO FRESH WRINKLEG SHEET 80CT,FABRICSOFTENERSFABRICSOFTENERSSHEETS,P&G,BOUNCE
AVENE GENTLE CLEANSER LOTION 6.76OZ,FACIALCARECREAM&LOTIONS,PIERRE FABRE,AVENE
OTOWIL PEEL OFF MASK CLEANSER 0.88OZ,FACIALCARECREAM&LOTIONS,NO DEFINIDO,OTOWIL
OTOWIL PEEL OFF MASK CLEANSER 0.88OZ,FACIALCARECREAM&LOTIONS,NO DEFINIDO,OTOWIL
AVENE TOLERANCE SOOTHING CREAM 1.4OZ,FACIALCARECREAM&LOTIONS,PIERRE FABRE,AVENE
BEAUTY 360 HYDRATING WATER GEL 1.7OZ (PL),FACIALCARECREAM&LOTIONS,CVS,BEAUTY 360
CVS PHARMACY EYE HYDRATING CREAM 0.5OZ (PL),FACIALCARECREAM&LOTIONS,CVS,CVS
E.L.F. HAPPY HYDRATION CREAM CANNABIS NOURISH 1.7OZ,FACIALCARECREAM&LOTIONS,E.L.F. COSMETICS,E.L.F.
E.L.F. SUPER CLARIFY CLEANSER LIQUID 3.4OZ,FACIALCARECREAM&LOTIONS,E.L.F. COSMETICS,E.L.F.
E.L.F. SUPERHYDRATE MOIST HYDR SQUA CREAM 1.69OZ,FACIALCARECREAM&LOTIONS,E.L.F. COSMETICS,E.L.F.
LEADER DAILY FACIAL CLEANSER BOT LIQUI 16OZ (PL),FACIALCARECREAM&LOTIONS,FARMACIAS PLAZA,LEADER
MISS SPA BOOST + GLOW HYDROGEL FACIAL MASK 2.11OZ,FACIALCARECREAM&LOTIONS,MISS SPA,MISS SPA
NEVADA COLLAGEN FACIAL FOAMING CLEANSER 1.6OZ,FACIALCARECREAM&LOTIONS,NEVADA GROUP,NEVADA
RAEL BEAUTY HYDRATES REFRESH MIST CREAM MOIS 1.69OZ,FACIALCARECREAM&LOTIONS,RAEL,RAEL BEAUTY
RAEL BEAUTY VITAMIN C BRIGHT & GLOW MASK 4.2OZ,FACIALCARECREAM&LOTIONS,RAEL,RAEL BEAUTY
STRIVECTIN NECK DECOLLETE LIFTING 1OZ 2CT = 2OZ,FACIALCARECREAM&LOTIONS,STRIVECTIN,STRIVECTIN
URBAN SKIN RX CLEARTONE CLEANSING BAR 3IN1 BRIGHT 2OZ,FACIALCARECREAM&LOTIONS,URBAN SKIN RX,URBAN SKIN RX
BURT'S BEES GENTLE FACIAL SCRUB SENSIT EXFOLIAT RADIANT 4OZ,FACIALCARECREAM&LOTIONS,BURT'S BEES,BURT'S BEES
CLEAN BEAUTY TREAT GLOW MIST HYDRAT 4.4OZ,FACIALCARECREAM&LOTIONS,NO DEFINIDO,CLEAN BEAUTY
CRAZY FOAM SUPER HERO HYDRATING FACE MASK WONDER W 0.84OZ,FACIALCARECREAM&LOTIONS,CRAZY FOAM,CRAZY FOAM
E.L.F. HEMP SKIN CARE TRAVEL KIT SET HYDRA CREAM 0.52OZ,FACIALCARECREAM&LOTIONS,E.L.F. COSMETICS,E.L.F.
OLAY REGENERIST COLLAG PEPT 24MAX EYE WR 1.7OZ,FACIALCARECREAM&LOTIONS,P&G,OLAY
OLAY REGENERIST CREAM COLLAGEN PEPTIDE 24HYDRA 1.7OZ,FACIALCARECREAM&LOTIONS,P&G,OLAY
YES TO TOMATOES CLEAR SKIN DETOX&HYDRA MUD MASK 2OZ,FACIALCARECREAM&LOTIONS,YES TO,YES TO
GOODLINE FACE CLEANSER WASH 6OZ (PL),FACIALCARECREAM&LOTIONS,CVS,GOODLINE
NO7 LIFT & LUMIN TRIPLE ACTI SER TRAVEL KIT 1.69OZ,FACIALCARECREAM&LOTIONS,THE BOOTS COMPANY,NO7
NO7 RESTOR & RENEW FAC & NECK SERUM MOI KIT SET 1OZ,FACIALCARECREAM&LOTIONS,THE BOOTS COMPANY,NO7
THE CREME SHOP HYDRATING MASK 0.88OZ,FACIALCARECREAM&LOTIONS,THE CREME SHOP,THE CREME SHOP
CRAZY FOAM SUPER HERO HYDRATI FACE MASK HARLEY Q 0.84OZ,FACIALCARECREAM&LOTIONS,CRAZY FOAM,CRAZY FOAM
MISS SPA SCULP FROWN SMILE LINES PATCH 2CT (PL),FACIALCARESTRIPS,CVS,MISS SPA
NIVEA CLEANSING WIPES MAKEUP REM 25CT,FACIALCARETOWELETTES,BEIERSDORF,NIVEA
THE CREME SHOP CLEANSING TOWELETTES 30CT,FACIALCARETOWELETTES,THE CREME SHOP,THE CREME SHOP
COMPLETE HOME 435CT (PL),FACIALTISSUEFACIALTISSUE,WALGREENS,COMPLETE HOME
KLEENEX SOOTING LOTION 2PLY 110CT 3PK = 330CT,FACIALTISSUEFACIALTISSUE,KIMBERLY-CLARK,KLEENEX
SUPERSOFT FACIAL TISSUE W / LOTION 160CT,FACIALTISSUEFACIALTISSUE,NO DEFINIDO,SUPER SOFT
TENA ULTRA WASH CLOTHS 48CT,FEMENINECLEANSINGWASH/CLOTH&WIPES,ESSITY,TENA
ABCO WHITE RAYON MOP 1CT,FLOORCARE,NO DEFINIDO,ABCO
CARIBI RECOJEDOR CON PALO 1CT,FLOORCARE,CARIBI,CARIBI
O CEDAR EASYWRING SPIN MOP REFILL 1CT,FLOORCARE,O CEDAR,O-CEDAR
CASA LIMPIA MOP BUCKET 1CT,FLOORCARE,CASA LIMPIA,CASA LIMPIA
NEXXGEN STRAIGHT BROOM 1CT,FLOORCARE,A&A NEXXGEN LLC,NEXXGEN
HEAVY KITCHEN SEALS STRONG SANDWICH 50CT,FOODCARESANDWICHBAGS,C7 GLOBAL,HEAVY KITCHEN
ZIPLOC SLIDER FREEZER GALLON 20CT,FOODCARESTORAGE&FREEZERBAGS,S.C. JOHNSON & SON,ZIPLOC
COMPEED BLISTER CUSHION 5CT,FOOTCARECORN/CALLUS,HRA PHARMA,COMPEED
CVS HEALTH TOE & NAIL TREATMENT LIQUID 1OZ(PL),FOOTCARECORN/CALLUS,CVS,CVS
DR SCHOLL'S CLEAR WART REMOVER 24CT,FOOTCARECORN/CALLUS,SCHERING PLOUGH,DR SCHOLL'S
DR SCHOLL'S MOLESKIN PLUS PADING PATCHES 3CT,FOOTCARECORN/CALLUS,SCHERING PLOUGH,DR SCHOLL'S
SOAP & GLORY HEEL GENIUS HYDRATING FOOT CREAM 4.2OZ,FOOTCAREFOOTCOMFORT,THE BOOTS COMPANY,SOAP & GLORY
THE SHAPPY FILE FOOT FILE 1CT,FOOTCAREFOOTCOMFORT,AMEN BEAUTY,THE SHAPPY FILE
DR SCHOLL'S ARTHRTIS PAIN RELIEF INSOLES MEN 1CT,FOOTCAREINSOLES,SCHERING PLOUGH,DR SCHOLL'S
DR SCHOLL'S ARTHIRTIS PAIN RELIEF INSOLES WOMEN 1CT,FOOTCAREINSOLES,SCHERING PLOUGH,DR SCHOLL'S
DR SCHOLL WORK MASAGGING GEL INSOLES MEN 1PAIR,FOOTCAREINSOLES,SCHERING PLOUGH,DR SCHOLL'S
MORNING STAR FARMS VEGG MEDLEY BURGER BOX 4CT=9.5OZ,FROZENBURGERSFROZENBURGERS,KELLOGG'S,MORNINGSTAR FARMS
BLACK BURGER 100% CHICKEN PATTIES 64OZ,FROZENBURGERSFROZENBURGERS,BLACK BURGER,BLACK BURGER
BORGES 100% ALL BEEF PATTIES 24OZ,FROZENBURGERSFROZENBURGERS,BORGES,BORGES
BOSTON MARKET CHICKEN POT PIE 16OZ,FROZENDINNERS,OVERHILL FARMS,BOSTON
BOSTON MARKET PULLED CHICKEN BOWL BBQ SAUCE BOX 12OZ,FROZENDINNERS,OVERHILL FARMS,BOSTON
FOX DELUXE COMBINATION 5.2OZ,FROZENPIZZAFROZENPIZZA,FROZEN SPECIALTIES INC.,FOX DE LUXE
SAMS CHOICE STUFFED CRUST BUFFALO CHICKEN RANCH 31OZ (PL),FROZENPIZZAFROZENPIZZA,WALMART,SAM'S CHOICE
VIKO SUPER CRUNCH FRIES BAG 88OZ,FROZENPOTATOES,AVIKO CORP.,AVIKO
MC CAIN POTATOES SHOESTRING BAG 88OZ,FROZENPOTATOES,NO DEFINIDO,MC
MC CAIN STRAIGHT CUTS ORIGINAL BAG 88OZ,FROZENPOTATOES,NO DEFINIDO,MC
ALEXIA ALL NATURAL SWEET POTATO W/SEA SALT FRIES BAG 15OZ,FROZENPOTATOES,CONAGRA FOODS,ALEXIA
FLAV-R-PAC MIXED VEGETABLES BAG 12OZ,FROZENVEGETABLESFROZENVEGETABLES,NORPAC FOODS INC.,FLAV-R-PAC
GREAT VALUE CUT OKRA 12OZ (PL),FROZENVEGETABLESFROZENVEGETABLES,WALMART,GREAT VALUE
PICTSWEET FARMS BROCCOLI CUTS BAG 10OZ,FROZENVEGETABLESFROZENVEGETABLES,PICTSWEET,PICT SWEET
PICTSWEET FARMS CUT CORN BAG 24OZ,FROZENVEGETABLESFROZENVEGETABLES,PICTSWEET,PICT SWEET
PICTSWEET FARMS PEAS & CARROTS BAG 12OZ,FROZENVEGETABLESFROZENVEGETABLES,PICTSWEET,PICT SWEET
ECONO GANDULES BAG 80OZ (PL),FROZENVEGETABLESFROZENVEGETABLES,SUPERMERCADOS ECONO,ECONO
JOSIE'S ORGANIC BROCCOLI AND CARROTS BAG 9OZ,FROZENVEGETABLESFROZENVEGETABLES,BRAGA FRESH FAMILY FARMS,JOSIES ORGANICS
JOSIE'S ORGANIC MIXED BAG 9OZ,FROZENVEGETABLESFROZENVEGETABLES,BRAGA FRESH FAMILY FARMS,JOSIES ORGANICS
JOSIE'S ORGANIC BROCCOLI BAG 9OZ,FROZENVEGETABLESFROZENVEGETABLES,BRAGA FRESH FAMILY FARMS,JOSIES ORGANICS
GREEN GIANT VALLEY FRESH STEAMERS BRCL FLRT BAG 10OZ,FROZENVEGETABLESFROZENVEGETABLES,PILLSBURY CO.,GREEN GIANT
PUR GUM ASPARTAME FREE CINNAMON 9CT,GUMSUGARCOATEDGUM,ACTION CANDY COMPANY,PUR
JUST FOR MEN DARK BROWN PERMANENT SHAMPOO KIT 1CT,HAIRCOLORINGHAIRCOLORINGFORMEN,JUST FOR MEN,JUST F/MEN
MEN BLACK PERMANENT CREAM 1CT,HAIRCOLORINGHAIRCOLORINGFORMEN,SUPERDRUG STORES PLC,MEN
ISSUE CIBERCOLORS CHILI RED SEMIPERMANENT CRM 1CT,HAIRCOLORINGHAIRCOLORINGFORWOMEN,ISSUE GROUP,ISSUE
ISSUE CIBERCOLORS DEEP MAGENTA SEMIPERMANENT CRM 1CT,HAIRCOLORINGHAIRCOLORINGFORWOMEN,ISSUE GROUP,ISSUE
ISSUE COLORPACK BROWN PERMANENT CREAM 1CT,HAIRCOLORINGHAIRCOLORINGFORWOMEN,ISSUE GROUP,ISSUE
CLAIROL SOY 4PLEX PERM COOL BLONDE BLUE VIOLET LIQ 1CT,HAIRCOLORINGHAIRCOLORINGFORWOMEN,WELLA,CLAIROL
L'OREAL MAGIC ROOT COVER UP MED BROWN SEMI PERM LIQUID 3CT,HAIRCOLORINGHAIRCOLORINGFORWOMEN,L'OREAL,L'OREAL PARIS
REVLON ROOT ERASE PERMAMENT LIGHT BROWN LIQUID 1CT,HAIRCOLORINGHAIRCOLORINGFORWOMEN,REVLON,ROOT ERASE
BEAUTY LINE LISSIA CHOCOLATE PERMANENT 1CT,HAIRCOLORINGHAIRCOLORINGFORWOMEN,LABORATORIOS LISSIA,BEAUTY LINE
DOVE MEN + CARE WASH COOL 13.5OZ,HAND&BODYLIQUIDSOAPBODYWASHGEL,UNILEVER,DOVE FOR MEN
DOVE NOURISHING SEC GLOWING RITUAL BW 25.3OZ,HAND&BODYLIQUIDSOAPBODYWASHGEL,UNILEVER,DOVE
DOVE NOURISHING ARGAN OIL BW 25.3OZ,HAND&BODYLIQUIDSOAPBODYWASHGEL,UNILEVER,DOVE
ARGANATURAL VIT C SHOWER GEL 32OZ,HAND&BODYLIQUIDSOAPBODYWASHGEL,ARGANATURAL,ARGANATURAL
AWAKEN MOISTURIZING RASB & VANILL BW 7OZ,HAND&BODYLIQUIDSOAPBODYWASHGEL,QUALITY CHOICE,AWAKEN
AXE APOLLO CLEAN FRESH B/W 24OZ,HAND&BODYLIQUIDSOAPBODYWASHGEL,UNILEVER,AXE
DIAL PURE MOISTURE CAMELIA BODY WASH 14OZ,HAND&BODYLIQUIDSOAPBODYWASHGEL,HENKEL,DIAL
OLAY FRESH OUTLAST RW&SN BODY WASH 22OZ,HAND&BODYLIQUIDSOAPBODYWASHGEL,P&G,OLAY
TIPPY TOES BABY HAIR BODY WASH 16.9OZ,HAND&BODYLIQUIDSOAPBODYWASHGEL,PUEBLO,TIPPY TOES
CETAPHIL MOISTURIZING CREAM DRY SKIN 20OZ 2CT = 40OZ,HAND&BODYLOTIONS&CREAMSHAND&BODYLOTIONS,GALDERMA LABS.,CETAPHIL
LIVE CLEAN BABY LOTION CALMING BEDTIME 7.7OZ,HAND&BODYLOTIONS&CREAMSHAND&BODYLOTIONS,THE HAIN CELESTIAL GROUP,LIVE CLEAN
VICTORIA SECRET BODY LOTION 8OZ,HAND&BODYLOTIONS&CREAMSHAND&BODYLOTIONS,VICTORIA'S SECRET,VICTORIA'S SECRET
EUCERIN VERY DRY SKIN ADVANCED REPAIR CREAM 12OZ,HAND&BODYLOTIONS&CREAMSHAND&BODYLOTIONS,BEIERSDORF,EUCERIN
WELEDA SKIN FOOD LIGHT NOURISH CREAM 2.5OZ,HAND&BODYLOTIONS&CREAMSHAND&BODYLOTIONS,WELEDA,WELEDA
CAN CAN PARIS HILTON BODY LOTION 6.7OZ,HAND&BODYLOTIONS&CREAMSHAND&BODYLOTIONS,PARLUX FRAGANCE,CAN CAN
GOLD BOND ULTIMATE SOFTENING SHEA BUTTER 20OZ,HAND&BODYLOTIONS&CREAMSHAND&BODYLOTIONS,CHATTEM,GOLD BOND
SOAP AND GLORY HAND CREAM 3OZ,HAND&BODYLOTIONS&CREAMSHAND&BODYLOTIONS,THE BOOTS COMPANY,SOAP & GLORY
JOHNSON'S BABY BEDTIME CREAM 8OZ,HAND&BODYLOTIONS&CREAMSHAND&BODYLOTIONS,J&J,JOHNSON'S
SUPER MART LIQUIDO AZUL FREAGAR 12OZ (PL),HANDDISHCAREDISHWASHINGLIQUIDS,SUPER MART,SUPER MART
SUPER MART LIQUIDO FREG ROSADO 128OZ (PL),HANDDISHCAREDISHWASHINGLIQUIDS,SUPER MART,SUPER MART
SUPER MART LIQUIDO FREGAR AZUL 25OZ (PL),HANDDISHCAREDISHWASHINGLIQUIDS,SUPER MART,SUPER MART
SUPER MART LIQUIDO FREGAR LIMON 25OZ (PL),HANDDISHCAREDISHWASHINGLIQUIDS,SUPER MART,SUPER MART
SUPER MART LIQUIDO FREGAR ROSADO 25OZ (PL),HANDDISHCAREDISHWASHINGLIQUIDS,SUPER MART,SUPER MART
SUPER MART LIQUIDO LIMON FREAGAR 12OZ (PL),HANDDISHCAREDISHWASHINGLIQUIDS,SUPER MART,SUPER MART
SUPER MART LIQUIDO ROSADO FREAGAR 12OZ (PL),HANDDISHCAREDISHWASHINGLIQUIDS,SUPER MART,SUPER MART
PALMOLIVE  ULTRA ANTIBACTERIAL LEMON 20OZ,HANDDISHCAREDISHWASHINGLIQUIDS,COLGATE PALMOLIVE,PALMOLIVE
GOOD HOME CO DISHWASH DETERGENT LIQUID 16OZ,HANDDISHCAREDISHWASHINGLIQUIDS,THE GOOD PEOPLE,THE GOOD HOME
PALMOLIVE ULTRA OXY 8OZ,HANDDISHCAREDISHWASHINGLIQUIDS,COLGATE PALMOLIVE,PALMOLIVE
EQUATE MOSITUR HAND SANITIZER GEL 30OZ (PL),HANDSANITIZERSGELLIQUID,WALMART,EQUATE
SECRET PLUS HAND SANITIZER GEL 3OZ,HANDSANITIZERSGELLIQUID,PHARMASCO,SECRET PLUS
TOP CARE MOISTURIZER VITAM E & ALOE PUMP GEL 8OZ (PL),HANDSANITIZERSGELLIQUID,PUEBLO,TOP CARE
GERM-X HAND SANITIZER FRESH CITRUS SPRAY 5.5OZ,HANDSANITIZERSGELLIQUID,VI-JON LABS.,GERM-X
SAFEGUARD HAND SANITIZ MOIST CITRUS BLOOM GEL 12OZ,HANDSANITIZERSGELLIQUID,P&G,SAFEGUARD
SAFEGUARD HAND SANITIZ MOISTURE LAVEN GEL 12OZ,HANDSANITIZERSGELLIQUID,P&G,SAFEGUARD
SAFEGUARD HAND SANITIZER MOISTURE OCEAN GEL 12OZ,HANDSANITIZERSGELLIQUID,P&G,SAFEGUARD
ULTRA DEFENSE SAN SMART HAND SANIT GEL 12OZ,HANDSANITIZERSGELLIQUID,NO DEFINIDO,ULTRA DEFENSE
MYNT MOISTURE HAND SANITIZER WIPE 40CT,HANDSANITIZERSSANITIZINGHANDTOWELS,MYNT,MYNT
WET ONES ANTIBACTERI FRESH SCENT 20CT,HANDSANITIZERSSANITIZINGHANDTOWELS,PLAYTEX PRODS.,WET ONES
ONLY FOR HAND ANTIBACT WIPE 50CT,HANDSANITIZERSSANITIZINGHANDTOWELS,O4 GLOBAL TRADING,ONLY FOR
BAR S SMOKED SAUSAGE CHEES CHICKEN PORK LINKS 40OZ,HOTDOGSHOTDOGS,BAR-S FOODS,BAR S
GWALTNEY GREAT BIG DOGS FRANKS CHIKEN BUN SIZE 16OZ,HOTDOGSHOTDOGS,GWALTNEY,GWALTNEY
BALL PARK BUN SIZE FRANKS BEEF 30OZ,HOTDOGSHOTDOGS,BALL PARK,BALL PARK
BALL PARK NACHO CHEESE FRANKS CHIKEN PORK 15OZ,HOTDOGSHOTDOGS,BALL PARK,BALL PARK
NESTLE DRUMSTICK VANILLA CARAMEL CONES 4CT = 18.1OZ,ICECREAMNOVELTIESICECREAMNOVELTIES,NESTLE,DRUMSTICK
JONNY POPS MANGO & PINE COCO BARS 15CT = 41.75OZ,ICECREAMNOVELTIESICECREAMNOVELTIES,JONNY POPS LLC,JONNY POPS
ECONO CRUNCHY ASSORTED CONES 12CT = 40OZ,ICECREAMNOVELTIESICECREAMNOVELTIES,SUPERMERCADOS ECONO,ECONO
ECONO CRUNCHY CONES CHOCOLATE 12CT = 40OZ,ICECREAMNOVELTIESICECREAMNOVELTIES,SUPERMERCADOS ECONO,ECONO
BREYERS HOMEMADE VANILLA 48OZ,ICECREAMREGULARICECREAM,UNILEVER,BREYERS
EDY'S SALTED CARAMEL PRETZEL PATH 48OZ,ICECREAMREGULARICECREAM,DREYERS,EDY'S
HAAGEN DAZS STRAWBERRY CHEESECAKE 16OZ,ICECREAMREGULARICECREAM,GENERAL MILLS,HAAGEN DAZS
PINTA GELATO MERENGUE 12OZ,ICECREAMREGULARICECREAM,PINTA ICE CREAM,PINTA GELATO
EDY'S BROWNIE BRICK ROAD 48OZ,ICECREAMREGULARICECREAM,DREYERS,EDY'S
EDY'S COOKIE COBBLESTONE 48OZ,ICECREAMREGULARICECREAM,DREYERS,EDY'S
HAAGEN DAZS STRAWBERRY CHEESECAKE 16OZ,ICECREAMREGULARICECREAM,GENERAL MILLS,HAAGEN DAZS
NESTLE STRAWBERRY 48OZ,ICECREAMREGULARICECREAM,NESTLE,NESTLE
EQUATE OPTIONS PADS LONG LENGTH ULTIMATE 51CT,INCONTINENCEPRODUCTSINCONTINENCEPRODUCTS,WALMART,EQUATE
CARDINAL HEALTH ADULT BRIEF PREMIUM HEAVY ABS S 12CT,INCONTINENCEPRODUCTSINCONTINENCEPRODUCTS,CARDINAL HEALTH,CARDINAL HEALTH
HOT SHOT ANT ROACH&SPIDER SPRAY 2CT 17.5OZ = 35OZ,INSECTICIDESINSECTICIDES,SPECTRUM,HOT SHOT
REAL KILL ANT & R. 12 OZ                  (SPRAY AEROSOL),INSECTICIDESINSECTICIDES,SPECTRUM,REAL KILL
REAL KILL FLYING INS FLORAL SPRAY 10OZ,INSECTICIDESINSECTICIDES,SPECTRUM,REAL KILL
ELIMINATOR FLY RIBBON TRAPS 8CT,INSECTICIDESINSECTICIDES,ELIMINATOR,ELIMINATOR
RAID MAX PERIMETER PROTEC TRIGGER 30OZ,INSECTICIDESINSECTICIDES,S.C. JOHNSON & SON,RAID
ENOZ MOTH BALL PACKETS 6OZ,INSECTICIDESINSECTICIDES,WILLERT,ENOZ
CATCHMASTER TRAP FLY JAR 1CT,INSECTICIDESINSECTICIDESREPELLENTS,AP&G,CATCHMASTER
REPEL INSECT REPELLENTS SPRAY 2CT 6OZ = 12OZ,INSECTICIDESINSECTICIDESREPELLENTS,SPECTRUM,REPEL
MAINSTAYS CITRONELLA CANDLE 1CT (PL),INSECTICIDESINSECTICIDESREPELLENTS,WALMART,MAINSTAYS
BIOSTEEL SPOR DRIN SUGAR FRE BLUE RASPBER CARTON 16.7OZ,ISOTONICSBEVERAGEISOTONICSBEVERAGE,NO DEFINIDO,BIOSTEEL
BIOSTEEL SPOR DRINK SUGAR FRE PEACH MANGO CARTON 16.7OZ,ISOTONICSBEVERAGEISOTONICSBEVERAGE,NO DEFINIDO,BIOSTEEL
BIOSTEEL SPORT DRIN SUGA FREE W FREEZE CARTON 16.7OZ,ISOTONICSBEVERAGEISOTONICSBEVERAGE,NO DEFINIDO,BIOSTEEL
BODY ARMOR BLACKOUT BERRY PLAST 16OZ,ISOTONICSBEVERAGEISOTONICSBEVERAGE,COCA-COLA COMPANY,BODY ARMOR
BODY ARMOR BERRY PUNCH PLAST 16OZ,ISOTONICSBEVERAGEISOTONICSBEVERAGE,COCA-COLA COMPANY,BODY ARMOR
READY SPORT DRIN FRUIT PUNCH PLASTIC 16.9OZ,ISOTONICSBEVERAGEISOTONICSBEVERAGE,READY NUTRITION,READY
READY SPORT DRINK MIXED BERRY PLASTIC 16.9OZ,ISOTONICSBEVERAGEISOTONICSBEVERAGE,READY NUTRITION,READY
READY SPORT DRINK PEACH MANGO PLASTIC 16.9OZ,ISOTONICSBEVERAGEISOTONICSBEVERAGE,READY NUTRITION,READY
READY SPORT DRINK STRAWBERRY BANANA PLASTIC 16.9OZ,ISOTONICSBEVERAGEISOTONICSBEVERAGE,READY NUTRITION,READY
BODYARMOR LYTE COCONUT LOW CALORIE PLAST 16OZ,ISOTONICSBEVERAGEISOTONICSBEVERAGE,COCA-COLA COMPANY,BODY ARMOR
BODYARMOR LYTE TROPICAL COCONUT LOW CALORIE PLAST 16OZ,ISOTONICSBEVERAGEISOTONICSBEVERAGE,COCA-COLA COMPANY,BODY ARMOR
BIOSTEEL SPORT DRINK SUGAR FREE BERRY CARTON 16.7OZ,ISOTONICSBEVERAGEISOTONICSBEVERAGE,NO DEFINIDO,BIOSTEEL
BIOSTEEL SPORTS DRINK SUGAR FREE RAINBOW TWIST CARTON 16.7OZ,ISOTONICSBEVERAGEISOTONICSBEVERAGE,NO DEFINIDO,BIOSTEEL
HUNT'S TOMATO KETCHUP BOX 0.32OZ 1000PK = 320OZ,KETCHUPKETCHUP,CONAGRA FOODS,HUNT'S
BOULDERCLEAN NATURAL VALENCIA ORANGE PACKS 34CT = 23OZ,LAUNDRYDETERGENT/PODS/PACSSINGLEDOSECONCENTRATE,BOULDERCLEAN,BOULDERCLEAN
ACE SUAVE Y DELICAD LIQ BOTTLE 4L,LAUNDRYDETERGENTSLIQUIDDETERGENTS,P&G,ACE
SUPER MART DETERGEN BLANQUEADOR LIQ BOTTLE 100OZ (PL),LAUNDRYDETERGENTSLIQUIDDETERGENTS,SUPER MART,SUPER MART
SUPER MART DETERGEN ULTRA LIQ BOT 100OZ (PL),LAUNDRYDETERGENTSLIQUIDDETERGENTS,SUPER MART,SUPER MART
SUPER MART DETERGENTE ROPA COLOR BOT 100OZ,LAUNDRYDETERGENTSLIQUIDDETERGENTS,SUPER MART,SUPER MART
ACE SIMPLY CLEAN & FRESH HE REFRESHING BREEZE BOTTLE 92OZ,LAUNDRYDETERGENTSLIQUIDDETERGENTS,P&G,ACE
ALL STAINLIFTERS FREE CLEAR HE 24LD BOT 36OZ,LAUNDRYDETERGENTSLIQUIDDETERGENTS,HENKEL,ALL
AJAX CLASSIC MAX FREE & CLEAR HE BOTTLE 40OZ,LAUNDRYDETERGENTSLIQUIDDETERGENTS,PHOENIX BRANDS,AJAX
DREFT BABY LIQUID DETERGENT 64LOADS BOT 100OZ,LAUNDRYDETERGENTSLIQUIDDETERGENTS,P&G,DREFT
TIDE W/FEBREZE SPRING & RENEW 100LD BOTTLE 154OZ,LAUNDRYDETERGENTSLIQUIDDETERGENTS,P&G,TIDE
FAMCOOP DETERGENTE POWDER FLORAL 400GM,LAUNDRYDETERGENTSPOWDERDETERGENTS,FAM COOP,FAM COOP
FAMCOOP DETERGENTE POWDER LAVANDA 400GM,LAUNDRYDETERGENTSPOWDERDETERGENTS,FAM COOP,FAM COOP
GAIN FEBREZE ULTRA HAWAIIA ALOHA 95LD BOX 1500OZ,LAUNDRYDETERGENTSPOWDERDETERGENTS,P&G,GAIN
WOOLITE FRESH SCENT 6LD 6CT,LAUNDRYDETERGENTSSHEETSDETERGENTS,RECKITT BENCKISER,WOOLITE
TAYLOR FARM SNACK PRETZEL&CHEDDAR TRAY 4.25OZ,LUNCHABLESLUNCHABLES,NO DEFINIDO,TAYLOR
TAYLOR FARM SNACK TURKEY&CHEDDAR CHEESE TRAY 6OZ,LUNCHABLESLUNCHABLES,NO DEFINIDO,TAYLOR
GREAT VALUE MAC CHEESE BOX 7.25OZ 5CT = 36.25OZ,MACANDCHEESE,WALMART,GREAT VALUE
VELVEETA SKILLETS CHICKEN ALFREDO PASTA BOX 12.5OZ,MACANDCHEESE,KRAFT HEINZ,VELVEETA
KRESTO INSTANT CHOCOLATE POWDER CANISTER 32OZ,MILKADDITIVESMILKADDITIVES,V.SUAREZ,KRESTO
KRESTO INSTANT CHOCOLATE POWDER CANISTER 8OZ,MILKADDITIVESMILKADDITIVES,V.SUAREZ,KRESTO
ECONO ALMONDS VANILLA BOX 32OZ (PL),MILKALTERNATIVEMILKALTERNATIVE,SUPERMERCADOS ECONO,ECONO
KIRKLAND SIGNATURE ALMOND UNSWEET BOX 32OZ (PL),MILKALTERNATIVEMILKALTERNATIVE,COSTCO WHOLESALE CORP,KIRKLAND SIGNATURE
OAT ORGANIC UNSWEETENED BEVERAGE BOX 32OZ 6CT = 192OZ,MILKALTERNATIVEMILKALTERNATIVE,COSTCO WHOLESALE CORP,KIRKLAND SIGNATURE
OKA ALMOND MILK VANILLA BOX B33.8OZ,MILKALTERNATIVEMILKALTERNATIVE,OKF CORP.,OKA
BORDEN REDUCIDA EN GRASA 12CT 33.8OZ = 405.6OZ,MILKASEPTICPACKMILK,BORDEN,BORDEN
BORDEN SKIM MILK 32OZ 12CT =384OZ,MILKASEPTICPACKMILK,BORDEN,BORDEN
BORDEN WHOLE 12CT 32OZ = 384OZ,MILKASEPTICPACKMILK,BORDEN,BORDEN
INDULAC WHOLE MILK UHT CARTON 32OZ,MILKASEPTICPACKMILK,INDULAC INC,INDULAC
MEIJER SWEETENED CONDENSED MILK CAN 14OZ (PL),MILKCONDENSEDMILK,MEIJER INC.,MEIJER
HEB EVAPORATED MILK CAN 12OZ,MILKEVAPORATEDMILK,H.E.B,H.E.B
KRASDALE VITAMIN D DRY CAN 12OZ,MILKEVAPORATEDMILK,KRASDALE FOODS,KRASDALE
MEIJER FAT FREE CAN EVAPORATED 12OZ,MILKEVAPORATEDMILK,MEIJER INC.,MEIJER
MEMBER'S MARK EVAPORATED 24PK 12OZ=288OZ(PL),MILKEVAPORATEDMILK,WALMART,MEMBER'S MARK
CENTRELLA FRESH MILK BOTTLE 64OZ,MILKFRESHMILK,CENTRAL GROCERS,CENTRELLA
SUIZA DAIRY DIETA PLASTICO 120OZ,MILKFRESHMILK,SUIZA DAIRY,SUIZA DAIRY
SUIZA LACTOSE FREE DAIRY PLASTIC 48OZ,MILKFRESHMILK,SUIZA DAIRY,SUIZA DAIRY
PARMALAT ZYMIL FAT FREE 12CT 32CT = 384OZ,MILKFRESHMILK,PARMALAT,PARMALAT
GREAT VALUE WHOLE MILK PLASTIC VIT D 64OZ (PL),MILKFRESHMILK,WALMART,GREAT VALUE
PERRIER ENER YERB MATE POMEGRAN CAN 11.15OZ 24CT=276OZ,MINERALWATERCARBONATEDWATER,NESTLE,PERRIER
PERRIER ENERGIZE YERB MATE GRAPEFRUIT CAN 11.15OZ,MINERALWATERCARBONATEDWATER,NESTLE,PERRIER
PERRIER LIME GLASS 11.5OZ,MINERALWATERCARBONATEDWATER,NESTLE,PERRIER
PERRIER ENERG YERB MATE POMEGR CAN 8.45OZ,MINERALWATERCARBONATEDWATER,NESTLE,PERRIER
PERRIER ENERG YERB MATE TANGERIN CAN 11.15OZ 24CT=276OZ,MINERALWATERCARBONATEDWATER,NESTLE,PERRIER
PERRIER SOURCE SPARK LEMON CAN 10CT 8.45OZ = 84.5OZ,MINERALWATERCARBONATEDWATER,NESTLE,PERRIER
PERRIER ENERGI YERB MAT TANGERIN CAN CAN 8.45OZ,MINERALWATERCARBONATEDWATER,NESTLE,PERRIER
PERRIER ENERGI YERB MATE GRAPEFRUIT CAN 11.15OZ 6CT = 66.9OZ,MINERALWATERCARBONATEDWATER,NESTLE,PERRIER
PERRIER ENERGI YERB MATE POMEGR CAN 11.15OZ 6CT = 66.9OZ,MINERALWATERCARBONATEDWATER,NESTLE,PERRIER
PERRIER ENERGI YERB MATE TANGERIN CAN 11.15OZ 6CT = 66.9OZ,MINERALWATERCARBONATEDWATER,NESTLE,PERRIER
PERRIER FUSION LEMON & GUAVA CAN 4PK 8.45OZ=33.8OZ,MINERALWATERCARBONATEDWATER,NESTLE,PERRIER
CABREIROA MINERAL WATER PLASTIC 1LT,MINERALWATERSTILLWATER,CABREIROA,CABREIROA
ALL NATURAL WATER PLASTIC 128OZ,MINERALWATERSTILLWATER,ALL NATURALS,ALL NATURALS
JUST WATER 100% SPRING WATER BOTTLE 11OZ,MINERALWATERSTILLWATER,JUST WATER,JUST WATER
THE WATER WORLD 128OZ,MINERALWATERSTILLWATER,WATER WORLD,WATER WORLD
CRISTAL BLUE PLAST 128OZ,MINERALWATERSTILLWATER,NO DEFINIDO,CRISTAL
NESTLE PURE LIFE SPLASH LEMON PLASTIC 16.9OZ 6PK = 101.4OZ,MINERALWATERSTILLWATER,NESTLE,NESTLPLF
LAVORIS FRESH BREATH ORIGINAL CINNAMON 1LT,MOUTHWASHESMOUTHWASHES,EVERGREEN,LAVORIS
LISTERINE CARE WITH PRIDE ANTISEPTIC COOL MINT 1LT,MOUTHWASHESMOUTHWASHES,J&J,LISTERINE
LISTERINE NAUTURAL ENAMEL REPAIR HERBAL MINT 500ML,MOUTHWASHESMOUTHWASHES,J&J,LISTERINE
LEADER MULTIVITAMIN MEN 50+ TABLETS 50CT (PL),MULTIVITAMINMULTIVITAMIN,FARMACIAS PLAZA,LEADER
LEADER MULTIVITAMIN WOMEN 50+ TABLETS 50CT (PL),MULTIVITAMINMULTIVITAMIN,FARMACIAS PLAZA,LEADER
PHARMA NATURAL HIGH POTENCY COMPLETE BUY1 GET1 FR TAB30=60EA,MULTIVITAMINMULTIVITAMIN,PHARMA NATURAL,PHARMA NATURAL
QUALITY CHOICE MULTIVITAMIN ADULT TABLET 300CT (PL),MULTIVITAMINMULTIVITAMIN,WALMART,QUALITY CHOICE
CHILD LIFE VITAMINE D3 LIQUID 1OZ,MULTIVITAMINVITAMIN,CHILD LIFE,CHILD LIFE
NATURE'S BOUNTY BIOTIN SOFTGELS 90CT,MULTIVITAMINVITAMIN,NATURE'S BOUNTY,NATURE'S BOUNTY
PHARMA NATURAL VITAM D3 TABLET 5CT,MULTIVITAMINVITAMIN,NO DEFINIDO,PHARMA
WALGREENS VITAMINE D3 SOFTGELS 200CT (PL),MULTIVITAMINVITAMIN,WALGREENS,WALGREENS
CVS HEALTH VITAMINE D SOFTGELS 100CT (PL),MULTIVITAMINVITAMIN,CVS,CVS
NATURES TRUTH VITAMINE B TABLETS 100CT,MULTIVITAMINVITAMIN,NATURES TRUTH,NATURES TRUTH
RUGBY VITAMINE B TABLET 100CT,MULTIVITAMINVITAMIN,RUGBY LABORATORIES,RUGBY
VITAFUSION ORGANIC VITAMIN B12 GUMMIES 120CT,MULTIVITAMINVITAMIN,KMART CORP.,VITA FUSION
LEADER VITAMINE COMPLEX B CAP 100CT (PL),MULTIVITAMINVITAMIN,FARMACIAS PLAZA,LEADER
SPRING VALLEY VITAMINE B12 GUMMIES 100CT (PL),MULTIVITAMINVITAMIN,WALMART,SPRING VALLEY
LITTLE REMEDIES STERILE SALINE SPRAY DROPS 1OZ,NASALSPRAYNASALSPRAY,PRESTIGE,LITTLE REMEDIES
AFRIN NO DRIP ALLERGY SINUS 1.2OZ,NASALSPRAYNASALSPRAY,SCHERING PLOUGH,AFRIN
CVS CARDIO PROBIOTIC CAPS 30CT(PL),NATURALHEALTHSUPPLEMENTS,CVS,CVS
SPRING VALLEY 500GR FISH OIL OMEGA 3 SOFTGELS 120CT(PL),NATURALHEALTHSUPPLEMENTS,WALMART,SPRING VALLEY
LEADER FISH OIL OMEGA 3 CAPS 180CT(PL),NATURALHEALTHSUPPLEMENTS,FARMACIAS PLAZA,LEADER
CENTRUM MULTI OMEGA 3 GUMMIES 110CT,NATURALHEALTHSUPPLEMENTS,PFIZER,CENTRUM
EQUATE PROBIOTIC CAPSULES 28CT (PL),NATURALHEALTHSUPPLEMENTS,WALMART,EQUATE
PURELY INSPIRED PROBIOTICS+CLEANSE CAPS 60CT,NATURALHEALTHSUPPLEMENTS,IOVATE HEALTH SCIENCES,PURELY INSPIRED
MEMBER'S MARK NAPKINS 660CT (PL),PAPERNAPKINSPAPERNAPKINS,WALMART,MEMBER'S MARK
UNIQUE NAPKINS 2 PLY 16CT,PAPERNAPKINSPAPERNAPKINS,UNIQUE INDS. INC.,UNIQUE
BOUNTY SELECT A SIZE DOUBLE ROLL 2CT,PAPERTOWELSPAPERTOWELS,P&G,BOUNTY
BOUNTY SELECT SIZE SINGLE PLUS ROLL 1CT,PAPERTOWELSPAPERTOWELS,P&G,BOUNTY
BOUNTY SELECT-A-SIZE SINGL PLUS ROLL 2CT,PAPERTOWELSPAPERTOWELS,P&G,BOUNTY
BOUNTY PRINTS SELEC A SIZE REGULAR ROLL 1CT,PAPERTOWELSPAPERTOWELS,P&G,BOUNTY
JUBILEE STRONGER REGULAR ROLL 1CT,PAPERTOWELSPAPERTOWELS,ALLIED WEST PAPER,JUBILEE
ROCIO EXTRA MULTI SIZE REGULAR ROLL 6CT,PAPERTOWELSPAPERTOWELS,ROCIO,ROCIO
BOUNTY WHITE REGULAR ROLL 1CT,PAPERTOWELSPAPERTOWELS,P&G,BOUNTY
HALO ULTRA REGULAR ROLL 1CT,PAPERTOWELSPAPERTOWELS,SELECT PRODUCTS HOLDINGS,HALO
SNOW SOFT REGULAR ROLL 1CT,PAPERTOWELSPAPERTOWELS,GCP PAPER,SNOW SOFT
MEOW MIX TASTY LAYERS COATED MIX BAG 3LB,PETFOODCATFOOD/BOLSA/CAJA/ENVASEPLASTICO,DEL MONTE FOODS,MEOW MIX
MEOX MIX SEAFOOD MEDLEY CATS BAG 14.2LB,PETFOODCATFOOD/BOLSA/CAJA/ENVASEPLASTICO,DEL MONTE FOODS,MEOW MIX
TENDER & TRUE ORGANIC CHICKEN & LIVER CAT FOOD BAG 3LB,PETFOODCATFOOD/BOLSA/CAJA/ENVASEPLASTICO,TENDER & TRUE PET NUTRITION,TENDER & TRUE
TENDER AND TRUE SEA FOOD SALMON SWEET POTATOE BAG 48OZ,PETFOODCATFOOD/BOLSA/CAJA/ENVASEPLASTICO,TENDER & TRUE PET NUTRITION,TENDER & TRUE
TOP KAT PREMUM CAT FOOD BAG GOURMET CHICKEN TUKEY 52.8OZ,PETFOODCATFOOD/BOLSA/CAJA/ENVASEPLASTICO,PET FOODS,TOP KAT
BLUE BUFFALO TASTEFULS VARIE CAN WET SALM&CHC 12CT 3OZ=36OZ,PETFOODCATFOOD/LATA/POUCH/TRAYS/BOWLS,THE BLUE BUFFALO CO.,BLUE BUFFALO
PURE BALANCE PRO CAN SALMON & CHICKEN PATE 3OZ (PL),PETFOODCATFOOD/LATA/POUCH/TRAYS/BOWLS,WALMART,PURE BALANCE
SPECIAL KITTY CUTS GRAVY CHICKEN & SALMON DINNER 5.5OZ (PL),PETFOODCATFOOD/LATA/POUCH/TRAYS/BOWLS,WALMART,SPECIAL KITTY
SPECIAL KITTY MIXED GRILL DINNER 22OZ (PL),PETFOODCATFOOD/LATA/POUCH/TRAYS/BOWLS,WALMART,SPECIAL KITTY
9LIVES CAT CAN REAL FISH CHICKEN IN GRAVY 4CT 5.5OZ = 22OZ,PETFOODCATFOOD/LATA/POUCH/TRAYS/BOWLS,DEL MONTE FOODS,9 LIVES
FANCY FEAST PETITES GRAV SALMON&SPINAC TRY 2CT 1.4OZ = 2.8OZ,PETFOODCATFOOD/LATA/POUCH/TRAYS/BOWLS,NESTLE,FANCY FEAST
MEOW MIX IRRESISTIBLES SOFT TURKEY TREATS BAG 3OZ,PETFOODCATSNACKS/BOLSA/TARRO/TARJETABURBUJA,DEL MONTE FOODS,MEOW MIX
PURINA PUPPY CHOW COMPLETE & BALANCED PUPPIES BAG 4.4LB,PETFOODDOGFOOD/BOLSA/CAJA/ENVASEPLASTICO,NESTLE,PUPPY CHOW
THAT'S SMART CHUNK DOG FOOD BAG NO FLAVOUR 13LB,PETFOODDOGFOOD/BOLSA/CAJA/ENVASEPLASTICO,TOPCO,THAT'S SMART
RACHAEL RAY NUTRISH ZERO GRAIN CHICKEN BAG 13LB,PETFOODDOGFOOD/BOLSA/CAJA/ENVASEPLASTICO,AINSWORTH PET NUTRITION,RACHAEL
CESAR WHOLESOME BOWLS CHICKEN 6CT 3OZ = 18OZ,PETFOODDOGFOOD/LATA/TRAYS/POUCH/BOWLS,MARS,CESAR
HILLS PRESCRIPTION DIET ORIGINAL FLAV CAN 13OZ,PETFOODDOGFOOD/LATA/TRAYS/POUCH/BOWLS,HILL'S PET NUTRITION INC.,HILL S
OL'ROY VARIETY PACK BACON&CHICKN 13.2OZ 12CT = 158.4OZ (PL),PETFOODDOGFOOD/LATA/TRAYS/POUCH/BOWLS,WALMART,OLROY
NATURE'S RECIPE GRAIN FREE VAR CHICK CUP 2.75OZ 12CT = 33OZ,PETFOODDOGFOOD/LATA/TRAYS/POUCH/BOWLS,DEL MONTE FOODS,NATURE S RECIPE
OL'ROY LONG LASTING MUNCHI BONES CHICKEN CHEW BAG 20OZ (PL),PETFOODDOGSNACKS/BOLSA/TARRO/TARJETABURBUJA,WALMART,OLROY
OL'ROY RAWHIDE FREE ROLLS CHICKEN CHEW 8.47OZ (PL),PETFOODDOGSNACKS/BOLSA/TARRO/TARJETABURBUJA,WALMART,OLROY
GREENIES PILL POCKET BEEF TRT BAG 7.9OZ,PETFOODDOGSNACKS/BOLSA/TARRO/TARJETABURBUJA,THE GREENIES BRAND CONSUMER SUPPORT,GREENIES
OL'ROY RAWHIDE 4 IN BONE BEEFHIDE CHEW 1.25OZ (PL),PETFOODDOGSNACKS/BOLSA/TARRO/TARJETABURBUJA,WALMART,OLROY
OL'ROY RAWHIDE 4 IN BONE CHICKEN CHEW 1.25OZ (PL),PETFOODDOGSNACKS/BOLSA/TARRO/TARJETABURBUJA,WALMART,OLROY
OL'ROY RAWHIDE ROLLS WITH CHICKEN 20.95OZ (PL),PETFOODDOGSNACKS/BOLSA/TARRO/TARJETABURBUJA,WALMART,OLROY
PURINA BEGGIN BACON TREATS BAG 58OZ,PETFOODDOGSNACKS/BOLSA/TARRO/TARJETABURBUJA,NESTLE,BEGGIN
SUPER PERRO CRUPIS CHOP PORK BITES 6OZ,PETFOODDOGSNACKS/BOLSA/TARRO/TARJETABURBUJA,CENTRAL VETERINARIA,SUPER PERRO
OL'ROY BARK'N BAC'N LEAN TURKEY BAG 25OZ (PL),PETFOODDOGSNACKS/BOLSA/TARRO/TARJETABURBUJA,WALMART,OLROY
ARM & HAMMER DENTAL TREAT NUBBIES ORIGINALS BUTTER BAG 7OZ,PETFOODDOGSNACKS/BOLSA/TARRO/TARJETABURBUJA,CHURCH & DWIGHT,ARM & HAMMER
DREAM BONE TWIST STICKS CHICKEN TREATS BAG 9.7OZ,PETFOODDOGSNACKS/BOLSA/TARRO/TARJETABURBUJA,PETMATRIX LLC,DREAM BONE
OL'ROY BARK'N BAC'N ORIGINAL CHEW BACON 2CT 25OZ = 50OZ (PL),PETFOODDOGSNACKS/BOLSA/TARRO/TARJETABURBUJA,WALMART,OLROY
OL'ROY BARK'N BACON TREAT BAG 25OZ (PL),PETFOODDOGSNACKS/BOLSA/TARRO/TARJETABURBUJA,WALMART,OLROY
HERR'S FIRE ROASTED SWEET POPCORN BAG 4OZ,POPCORNPOPCORNREADYTOEAT,NO DEFINIDO,HERR'S
HERR'S ROASTED SWEET POPCORN BAG 4OZ,POPCORNPOPCORNREADYTOEAT,NO DEFINIDO,HERR'S
POPCORNOOLIS HONEY BUTTER BAG 18OZ,POPCORNPOPCORNREADYTOEAT,POPCORNOPOLIS LLC,POPCORNOPOLIS
POP TIME KETTLE COOKD SEA SALT BAG 4.5OZ,POPCORNPOPCORNREADYTOEAT,NO DEFINIDO,POP TIME
GABRIELA POP CORN MICROWAVE NATURAL LIGHT BAG 2.2OZ 3CT=6.6O,POPCORNPOPCORNREGULAR,NO DEFINIDO,GABRIELA POP CORN
PREMIUM AMERICAN THATRE QUALITY BUTTER 8OZ,POPCORNPOPCORNREGULAR,WORD POPCORN CO,PREMIUM AMERICA
PREMIUM AMERICAN THEATRE QUALITY BUTTER 8OZ 36CT=288OZ,POPCORNPOPCORNREGULAR,WORD POPCORN CO,PREMIUM AMERICA
GOLD EMBLEM KETTLE CORN NATURAL2.8OZ 3CT = 8.4OZ(PL),POPCORNPOPCORNREGULAR,CVS,GOLD EMBLEM
POP SECRET MOVIE THEATER BTTER 1.75OZ 12CT = 21OZ,POPCORNPOPCORNREGULAR,DIAMOND FOODS,POP SECRET
SWEETLEAF WATER DRPS STEVIA STRW KIW PLAS 1.62OZ,POWDERSOFTDRINK&LIQUIDENHANCER,NO DEFINIDO,SWEET LEAF
SWEETLEAF WATER DRPS STEVIA TROPICAL PUNCH PLAS 1.62OZ,POWDERSOFTDRINK&LIQUIDENHANCER,NO DEFINIDO,SWEET LEAF
KOOL-AID TWISTS UNSWEETENED BLUE RASPB 2QT ENVELOPE 0.22OZ,POWDERSOFTDRINK/INSTANTBREAKFAST,MONDELEZ INT.,KOOL- AID
HORMEL PREMIUM LOW FAT CHICKEN BREAST IN WATER 5OZ,PROCESSEDMEATCHUNKYMEAT,HORMEL FOODS,HORMEL
BUMBLE BEE CHICKEN SALAD W CRACK 3.5OZ 3CT = 10.5OZ,PROCESSEDMEATCHUNKYMEAT,BUMBLE BEE FOODS,BUMBLE BEE
CHEF BOYARDEE CHICKEN ALFREDO WHITE MEAT CHICKEN CAN 15OZ,READYTOEATPASTA,CONAGRA FOODS,CHEF BOYARDEE
APPLE & EVE NO SUGAR 100% JUICE VERY BERRY 6.75OZ 12PK = 81O,READYTOSERVEDRINKJUICE,APPLE & EVE,APPLE & EVE
HOUSSY ALOE VERA DRINK JUICE POMEGRANATE PLASTIC 16.9OZ,READYTOSERVEDRINKJUICE,HOUSSY EUROPE,HOUSSY
SAVIA ALOE VERA COCONUT DRINK PLASTIC 16.9OZ,READYTOSERVEDRINKJUICE,SAVIA INTERNATIONAL,SAVIA
APPLE & EVE ORGANICS 100% FRUT PUNCH 6.75OZ,READYTOSERVEDRINKJUICE,APPLE & EVE,APPLE & EVE
GOLDHORN 100% APPLE JUICE CARTON 1LT,READYTOSERVEDRINKJUICE,KIMBERG GMBH,GOLDHORN
HAPPY FRUITS MEGGY CHERRY JUICE CARTON 1LT,READYTOSERVEDRINKJUICE,MD GETRANKE,HAPPY FRUITS
JUICY JUICE 100% JUICE APPLE BOX 4.23OZ 4CT = 33.84OZ,READYTOSERVEDRINKJUICE,HARVEST HILL BEVERAGE CO,JUICY JUICE
JUICY JUICE 100% JUICE ASSORTED BOX 6.75OZ 32CT = 216OZ,READYTOSERVEDRINKJUICE,HARVEST HILL BEVERAGE CO,JUICY JUICE
MINUTE MAID 100% APLE WHITE GRPE BOX 6OZ 8CT = 48OZ,READYTOSERVEDRINKJUICE,COCA-COLA COMPANY,MINUTE MAID
MINUTE MAID ZERO SUGAR FRUIT PUNCH BOTTLE 52OZ,READYTOSERVEDRINKJUICE,COCA-COLA COMPANY,MINUTE MAID
MINUTE MAID ZERO SUGAR PINK LEMONADE BOTTLE 52OZ,READYTOSERVEDRINKJUICE,COCA-COLA COMPANY,MINUTE MAID
NORTH COAST ORGANIC HONEYCRISP APPLE JUICE GLASS 128OZ,READYTOSERVEDRINKJUICE,NO DEFINIDO,NORTH
RICHY FRUIT ORANGE FUN JUICE REF BOTTLE 128OZ,READYTOSERVEDRINKJUICE,RICHY,RICHY
TROPICANA NO PULP CALCIUM 100% ORANGE BOT 52OZ 3CT = 106OZ,READYTOSERVEDRINKJUICE,PEPSICO,TROPICANA
TROPICANA ORANGEADE ORANGE BOTTLE 16.9OZ,READYTOSERVEDRINKJUICE,PEPSICO,TROPICANA
WELCH'S CONCORD GRAPE REF CARTON 64OZ,READYTOSERVEDRINKJUICE,WELCH'S,WELCH'S
WELCH'S VITAMIN C GRAPE BOTTLE 10OZ,READYTOSERVEDRINKJUICE,WELCH'S,WELCH'S
CAPRISUN FRUIT PUNCH POUCH 11.2OZ,READYTOSERVEDRINKJUICE,KRAFT HEINZ,CAPRISUN
TROPICANA TROP 50 ORANGE REDUCED CALORIE CARTON 59OZ,READYTOSERVEDRINKJUICE,PEPSICO,TROPICANA
ALLWELLO ORANIC COLD PRESSED JUI GO GREEN GLASS 11.1OZ,READYTOSERVEDRINKJUICE,ALLWELLO,ALLWELLO
APPLE & EVE 100% FRUIT PUNCH BOX 6.75OZ 8PK = 54OZ,READYTOSERVEDRINKJUICE,APPLE & EVE,APPLE & EVE
CALIFIA FARMS TART CHERRY LEMONADE REF BOT 48OZ,READYTOSERVEDRINKJUICE,CALIFIA FARMS,CALIFIA FARMS
LIPTON ICED TEA PEACH PLASTIC 16.9OZ,READYTOSERVEDRINKTEA,UNILEVER,LIPTON
UNCLE BEN'S ORIGINAL LONG GRAIN BAG 5LB,RICERICE,MARS,UNCLE BEN'S
CREME OF NATURE ANTI-BREAKAGE CASTOR OIL LVE IN BOT 8OZ,RINSES&CONDITIONERSLEAVEINCONDITIONERS,REVLON,CREME OF NATURE
DOVE HAIR THERAPY BREAKAGE REMEDY LVE ON SERUM 3.38OZ,RINSES&CONDITIONERSLEAVEINCONDITIONERS,UNILEVER,DOVE
TRESEMME BIOTIN REPAIR +7 BOTTLE 13.5OZ,RINSES&CONDITIONERSREGULARCONDITIONERS,UNILEVER,TRESEMME
TRESEMME BOTANIQUE NOURIS & REPLENISH COCON A VERA BOT 400M,RINSES&CONDITIONERSREGULARCONDITIONERS,UNILEVER,TRESEMME
CREME OF NATURE PURE HONEY STRENGT MASK 3.8OZ,RINSES&CONDITIONERSREGULARCONDITIONERS,REVLON,CREME OF NATURE
GALA HYDRATANTE RIZOS HAIR MASK JAR 16OZ,RINSES&CONDITIONERSREGULARCONDITIONERS,GALA COSMETIC,GALA
JOHN FREIDA BLUE CRUS BRUNETTE TUBE 6OZ,RINSES&CONDITIONERSREGULARCONDITIONERS,JOHN FRIEDA,JOHN FRIEDA
PANTENE PRO-V CLASSIC CLEAN DREAM CARE BOTTLE 28.9OZ,RINSES&CONDITIONERSREGULARCONDITIONERS,P&G,PANTENE
TRESEMME ANTI-BREAKAGE CONDITIONER BOTTLE 32OZ,RINSES&CONDITIONERSREGULARCONDITIONERS,UNILEVER,TRESEMME
FARMASI REPAIRING KERATIN SPRAY BOT 3.9OZ,RINSES&CONDITIONERSREGULARCONDITIONERS,NO DEFINIDO,FARMASI
HASK CURL CARE DETANGLING COCONUT ARGAN BOT 12OZ,RINSES&CONDITIONERSREGULARCONDITIONERS,HASK TOILETRIES INC.,HASK
ROCK THE LOCKS COLOR ME PINK BOT 8OZ,RINSES&CONDITIONERSREGULARCONDITIONERS,RH PRODUCTS,ROCK THE LOKS
ROCK THE LOCKS COLOR ME PURPLE BOT 8OZ,RINSES&CONDITIONERSREGULARCONDITIONERS,RH PRODUCTS,ROCK THE LOKS
PLAYA PINK LEMON ICE VDKA CCKTAIL 2000ML,RTDALCOHOLBEVERAGMALTBEVERG,FULL GLASS,PLAYA
PLAYA PINK LEMON ICE VODKA COCKTAIL 4CT/6.8=27.2OZ,RTDALCOHOLBEVERAGMALTBEVERG,FULL GLASS,PLAYA
PLAYA PINK STRAWBERRY VDKA CCKTAIL 2000ML,RTDALCOHOLBEVERAGMALTBEVERG,FULL GLASS,PLAYA
DECERETOS! GRANADA MOJITO 750ML,RTDALCOHOLBEVERAGMALTBEVERG,MOJITOS DECRETOS,DECRETOS!
ANGOSTURA AROMATIC BTTRS BTTLE 6.8OZ,RTDALCOHOLBEVERAGMALTBEVERG,ANGOSTURA BITTERS,ANGOSTURA AROMATIC
EL CRIOLLITO COCKTAIL BOT 750ML,RTDALCOHOLBEVERAGMALTBEVERG,EL CRIOLLITO,EL CRIOLLITO
WALGREENS HIGH PRO VANILLA 11OZ 4CT = 44OZ,RTDNUTRITIONALSHAKES&WEIGHTLOSSSHAKES/WEIGHTLOS,WALGREENS,WALGREENS
WALGREENS HIGH PROTEIN 8OZ 6CT =48OZ,RTDNUTRITIONALSHAKES&WEIGHTLOSSSHAKES/WEIGHTLOS,WALGREENS,WALGREENS
WISH-BONE RANCH SALAD 15OZ,SALADDRESSINGSALADDRESSING,UNILEVER,WISH BONE
OLIVE GARDEN RANCH 24OZ,SALADDRESSINGSALADDRESSING,MARZETTI,OLIVE GARDEN
ONLY PLANT BASED RANCH 11OZ,SALADDRESSINGSALADDRESSING,VEGANO FOODS LLC,ONLY PLANT BASED
SKINNY GIRL FAT FREE POPPYSEED 8OZ,SALADDRESSINGSALADDRESSING,NO DEFINIDO,SKINNY
WISH BONE CREAMY ITALIAN 15OZ,SALADDRESSINGSALADDRESSING,UNILEVER,WISH BONE
WISH-BONE ITALIAN 36OZ 2CT = 72OZ,SALADDRESSINGSALADDRESSING,UNILEVER,WISH BONE
FOLLOW YOUR HEART BALSAMIC VINAGRETTE 12OZ,SALADDRESSINGSALADDRESSING,FOLLOW YOUR HEART,FOLLOW YOUR HEART
KRAFT ROASTED GARLIC VINAIGGRETTE 16OZ,SALADDRESSINGSALADDRESSING,KRAFT HEINZ,KRAFT
P.F. CHANG CREAMY SESAME 16OZ,SALADDRESSINGSALADDRESSING,CONAGRA FOODS,P.F. CHANG'S
P.F. CHANG DYNAMITE RANCH 16OZ,SALADDRESSINGSALADDRESSING,CONAGRA FOODS,P.F. CHANG'S
G HUGHES HONEY DIJON GLUTEN FREE BOTTLE 12OZ,SALADDRESSINGSALADDRESSING,NO DEFINIDO,G&W
WISH BONE LIGHT THOUS ISLAND 15OZ,SALADDRESSINGSALADDRESSING,UNILEVER,WISH BONE
PRO MIXED NUTS BAG 2OZ,SALTIESSALTIES,GRUPO PRO,PRO
CORN NUTS CRUNCHY CORN ORIGINAL BAG 7OZ,SALTIESSALTIES,KRAFT HEINZ,CORN NUTS
CVS GOLD EMBLEM ROASTED MARCONA ALMOND CAN 8OZ(PL),SALTIESSALTIES,CVS,GOLD EMBLEM
GOODFIELDS ALMOND STYLE GREEK YOGURT TRAY 10OZ,SALTIESSALTIES,NO DEFINIDO,GOODFIELDS
KING HENRY'S ALL NATURAL YGRT TRAIL MIX BG 7OZ,SALTIESSALTIES,KING HENRY S INC.,KING HENRY S
KING HENRY'S ALOHA TRAIL MIX BAG 7OZ,SALTIESSALTIES,KING HENRY S INC.,KING HENRY S
NICE CARAMEL NUT CLUSTERS BAG 5OZ,SALTIESSALTIES,WALGREENS,NICE
WONDERFUL PISTACHIO SWET CHILI PCH 1.25OZ,SALTIESSALTIES,WONDERFUL,WONDERFUL
GREAT VALUE CASHEWS BAG 5OZ (PL),SALTIESSALTIES,WALMART,GREAT VALUE
GREAT VALUE HONEY ROSTD PECAN BG 7OZ(PL),SALTIESSALTIES,WALMART,GREAT VALUE
KING HENRY'S ALL NATURAL ALMONDS BAG 4.75OZ,SALTIESSALTIES,KING HENRY S INC.,KING HENRY S
KING HENRY'S ALL NATURAL TRAIL MIX BAG 4.25OZ,SALTIESSALTIES,KING HENRY S INC.,KING HENRY S
KING HENRY'S ALL NATURALS PISTACHIOS BAG 4.5OZ,SALTIESSALTIES,KING HENRY S INC.,KING HENRY S
KING HENRY'S CRANBERRY TRAIL MIX BAG 7OZ,SALTIESSALTIES,KING HENRY S INC.,KING HENRY S
KING HENRY'S FRUIT & NUT TRAIL MIX BAG 7OZ,SALTIESSALTIES,KING HENRY S INC.,KING HENRY S
KING HENRY'S MIXED NUT BAG 5.5OZ,SALTIESSALTIES,KING HENRY S INC.,KING HENRY S
PRO ALMENDRAS CON CHOCOLATE BAG 2.4OZ,SALTIESSALTIES,GRUPO PRO,PRO
GREAT VALUE UNSALTED WHOLE ORIGINAL ALMOND BAG 32OZ (PL),SALTIESSALTIES,WALMART,GREAT VALUE
KIRKLAND SIGNATURE SOFT&ABSORB 2PLY REGULAR 380SXR 30CT (PL),SANITARYPAPERSANITARYPAPER,COSTCO WHOLESALE CORP,KIRKLAND SIGNATURE
NOSOTRAS MAXI REGULAR NON WINGS 10CT 48PK = 480CT,SANITARYPROTECTIONNAPKINSPADS,GRUPO FAMILIA,NOSOTRAS
ALWAYS ULTRA THIN OVRNGHT PDS WNGS 38CT,SANITARYPROTECTIONNAPKINSPADS,P&G,ALWAYS
NOSOTRAS ULTRA THIN OVERNGHT 28CT,SANITARYPROTECTIONNAPKINSPADS,GRUPO FAMILIA,NOSOTRAS
THE HONEY POT PADS ORGANIC OVERNIGHT WINGS 12CT,SANITARYPROTECTIONNAPKINSPADS,THE HONEY POT COMPANY,THE HONEY POT
CVS ULTRA THIN REGULAR 22CT (PL),SANITARYPROTECTIONNAPKINSPADS,CVS,CVS
THE HONEY POT ORGANIC EVERYDAY PANTILINERS REGULAR 30CT,SANITARYPROTECTIONPANTISHIELDS,THE HONEY POT COMPANY,THE HONEY POT
EQUATE PLASTIC UNSCENTED REGULAR 36CT (PL),SANITARYPROTECTIONTAMPONS,WALMART,EQUATE
NATRACARE OTGANIC TAMPONS SUPER 20CT,SANITARYPROTECTIONTAMPONS,NATRACARE LLC,NATRACARE
COLOSO SAZON CULANTRO & ACHIOTE 24OZ,SAZONSAZON,COLON BROTHERS,COLOSO
KINDERÂ¦S BUTCHERS ALL PURPOSE SEASONING 9.4OZ,SAZONSAZON,NO DEFINIDO,KINDER'S
MC CORMICK GRILL MATE HAMBURGUER SEAS 2.75OZ,SAZONSAZON,MC CORMICK,MC CORMICK
GOYA SAZONADOR TOTAL CON PIMIENTA 11OZ,SAZONSAZONCOMPLETOHS,GOYA FOOD INC.,GOYA
BEST CHOICE BERRY BLOSSOM SCENT FRAGANCE 9.7OZ (PL),SCENTBOOSTER,SUPERMERCADOS ECONO,BEST CHOICE
JOHNNIE WALKER BLACK LABEL 750ML,SCOTCHWHISKYSCOTTWHISKY,DIAGEO,JOHNNIE WALKER
MACALLAN DOUBLE CASK 12 YEARS 750ML,SCOTCHWHISKYSCOTTWHISKY,THE MACALLAN DISTILLERS LIMITED,MACALLAN
THE GLENLIVET RUM BARREL 750ML,SCOTCHWHISKYSCOTTWHISKY,THE GLENLIVET,THE GLENLIVET
THE HIVE WHISKY HONEYED 750ML,SCOTCHWHISKYSCOTTWHISKY,WEMYSS VINTAGE MALTS,THE HIVE
MAKERS MARK HANDMADE 750ML,SCOTCHWHISKYSCOTTWHISKY,NO DEFINIDO,MAKERS
HARRY'S ANTI DANDRUFF 2 IN 1 BOTLE 14OZ,SHAMPOODANDRUFFSHAMPOO,HARRY'S,HARRY'S
EQUATE DRY SCALP CARE 23.7OZ (PL),SHAMPOODANDRUFFSHAMPOO,WALMART,EQUATE
TRESEMME BIOTIN REPAIR +7 BOTTLE 13.5OZ,SHAMPOOREGULARSHAMPOO,UNILEVER,TRESEMME
TRESEMME BOTANIQUE NOURI & REPLEN COCO A VERA BOT 400ML,SHAMPOOREGULARSHAMPOO,UNILEVER,TRESEMME
AVEENO DAMAGE REMEDY SUNFLOWER OIL BLEND BOT 12OZ,SHAMPOOREGULARSHAMPOO,J&J,AVEENO
COLAB PARADISE OIL ABSORPTION DRY CAN 6.7OZ,SHAMPOOREGULARSHAMPOO,FABRIQUE AU ROYAUME,COLAB
JOHN FREIDA BLUE CRUS BRUNETTE TUBE 6OZ,SHAMPOOREGULARSHAMPOO,JOHN FRIEDA,JOHN FRIEDA
MANE N TAIL HERBAL GRO THE ORIGINAL BOTTLE 12OZ,SHAMPOOREGULARSHAMPOO,STRAIGHT ARROW,MANE N TAIL
SOFTEE NOURISHING ARGAN GLOW BOTTLE 12.5OZ,SHAMPOOREGULARSHAMPOO,SOFTEE PRODS,SOFTEE
PANTENE PRO-V HYDRATIN GLOW BAOBAB BOT 17.9OZ W/CON17.9OZ,SHAMPOOREGULARSHAMPOO,P&G,PANTENE
CAKE THE CARE TAKE RESTORE BOTTLE 10OZ,SHAMPOOREGULARSHAMPOO,CAKE BEAUTY INC.,CAKE
SUAVE PROFESSIONAL SLEEK BOTTLE 12.6OZ,SHAMPOOREGULARSHAMPOO,UNILEVER,SUAVE
LIONI SLICED FRESH MOZZARELLA 16OZ,SHREDDEDANDBULKCHEESEBULKCHEESE,NO DEFINIDO,LIONI MOZZARELLA
HENNINGS CHEESE STRAWBERRY CHEDDAR 5.6OZ,SHREDDEDANDBULKCHEESEBULKCHEESE,HENNINGS MARKET,HENNINGS
DON ANDRES QUESO BLANCO DEL PAIS PLASTIC 14OZ,SHREDDEDANDBULKCHEESEBULKCHEESE,NO DEFINIDO,DON ANDRES
HENNINGS CHEESE BLAZING BUFFALO CHEDDAR 5.6OZ,SHREDDEDANDBULKCHEESEBULKCHEESE,HENNINGS MARKET,HENNINGS
BELGIOIOSO FRESH MOZZARELLA AMERICAS CHEESE 8OZ,SHREDDEDANDBULKCHEESEBULKCHEESE,BELGIOIOSO,BELGIOIOSO
EL GANADERITO QUESO BLANCO DELPAIS 6OZ,SHREDDEDANDBULKCHEESEBULKCHEESE,NO DEFINIDO,EL GANADERITO
BOAR'S HEAD SWISS REGU BULK 9OZ,SHREDDEDANDBULKCHEESEBULKCHEESE,BOARS HEAD,BOARS HEAD
KRAFT NATURAL CHEESE MEXICAN STYLE TACO 8OZ,SHREDDEDANDBULKCHEESESHREDDEDCHEESE,KRAFT HEINZ,KRAFT
KRAFT NATURAL CHEESE SHREDDED PARMESAN 6OZ,SHREDDEDANDBULKCHEESESHREDDEDCHEESE,KRAFT HEINZ,KRAFT
DAILY CHEF SHREDDED MOZZARELLA CHEESE 5LB (PL),SHREDDEDANDBULKCHEESESHREDDEDCHEESE,WALMART,DAILY CHEF
SNACK PACK STRAWBERRY & ORANGE 4CT 3.25OZ = 13OZ,SNACKDESSERTSGELATINE,HUNT'S,SNACK PACK
DULCE CANA GEL PASSION FRUIT 4CT/3.8OZ=15.2OZ,SNACKDESSERTSGELATINE,DULCE CANA,DULCE CANA
MOUNDS COLLIDERS LAYERED COCONUT W/CHOC TPP 2CT/3.5OZ=7OZ,SNACKDESSERTSOTHERSDESSERTS,THE HERSHEY CO.,MOUNDS
PHILADELPHIA CHEESE CAKE STRAW 2EA 3.25OZ=6.5OZ,SNACKDESSERTSOTHERSDESSERTS,KRAFT HEINZ,PHILADELPHIA
PHILADELPHIA CHEESE CAKE STRAW 2EA 3.25OZ=6.5OZ,SNACKDESSERTSOTHERSDESSERTS,KRAFT HEINZ,PHILADELPHIA
LAKEVIEW FARMS ALMONDMLK PDDNG VANIL BEAN 4CT/3.75OZ=15OZ,SNACKDESSERTSPUDDING,LAKEVIEW FARMS,LAKEVIEW FARMS
LAKEVIEW FARMS ALMONDMLK PDNG DRK CHOCO 4CT/3.75OZ=15OZ,SNACKDESSERTSPUDDING,LAKEVIEW FARMS,LAKEVIEW FARMS
EL SABROSO GUACACHIP TORTILLA CHIP GUACAMOLE BAG 5OZ,SNACKSSNACKS,SNAK KING,EL SABROSO
ERICS CHICHARON VOLAO BAG 2OZ,SNACKSSNACKS,ERICS,ERICS
FLIPZ STUFF'D PRETZEL MILK CHOCOLATE PEANUT BUTTER BAG 6OZ,SNACKSSNACKS,DEMET'S CANDY COMPANY,FLIPZ
JENSEN'S ORCHARD VEGGIE STRAW TOMATO & SPINACH BAG 6OZ,SNACKSSNACKS,KEYSTONE FOOD PRODS.,JENSEN S ORCHARD
KETTLE KRINKLE CUT POTAT CHIP TRUFFLE & SEA SALT BAG 8.5OZ,SNACKSSNACKS,WISE FOODS,KETTLE
KETTLE KRINKLE CUT POTATO CHIP HABANERO LIME BAG 8.5OZ,SNACKSSNACKS,WISE FOODS,KETTLE
MAC'S FRIED PORK SKIN ORIGINAL BAG 1.5OZ,SNACKSSNACKS,MACS OLD PLANTATION,MAC'S
ON THE BORDER CAFÃ‰ STYLE TORTILLA CHIP BAG 26OZ,SNACKSSNACKS,TRUCO ENTERPRISES INC.,ON THE BORDER
ON THE BORDER CANTINA THIN TORTILLA CHIP BAG 22.25OZ,SNACKSSNACKS,TRUCO ENTERPRISES INC.,ON THE BORDER
UTZ HALLOWEEN PRETZEL JAR 33OZ,SNACKSSNACKS,UTZ QUALITY FOODS,UTZ
DORITOS TORTILLA CHIP SALSA VERDE BAG 11.5OZ,SNACKSSNACKS,PEPSICO,DORITOS
PAFRITAS POTATO CHIP GARLIC & OLIVE OIL BAG 4.94OZ,SNACKSSNACKS,PAFRITAS,PAFRITAS
SENSIBLE PORTIONS GARDN VEGGIE SEA SALT BAG 12OZ,SNACKSSNACKS,SENSIBLE PORTIONS,SENSIBLE PORTIONS
WAY BETTER SNACKS TORTILLA CHIP NACHO CHEESE BAG 5.5OZ,SNACKSSNACKS,WAY BETTER SNACKS,WAY BETTER
WHISP CHEESE CRIPS ASIAGO & PEPPER JACK BAG 2.12OZ,SNACKSSNACKS,SCHUMAN CHEESE,WHISPS
WILDE CHIP CHICKEN & WAFFLE CHIP BAG 2.25OZ,SNACKSSNACKS,WILDE BRANDS,WILDE
GREAT VALUE CORN CHIP HONEY BBQ BAG 10OZ (PL),SNACKSSNACKS,WALMART,GREAT VALUE
MRS. CUBBINSON'S TRI COLOR TORTILLA STRIPS BAG 4OZ,SNACKSSNACKS,MRS CUBBISONS KITCHEN,MRS. CUBBINSON S
CHEETOS CRUNCH POP SNACK MIX CHEESE BAG 7OZ,SNACKSSNACKS,PEPSICO,CHEETOS
CHEX MIX MUDDY BUDDIES PEANUT BUTTER CHOCOLATE BAG 10.5OZ,SNACKSSNACKS,GENERAL MILLS,CHEX MIX
FILLER FRIED PORK RINDS BAG 3.7OZ,SNACKSSNACKS,FILLER,FILLER
POLAR LIGHT CRISTAL 6 UN 8.45OZ = 50.7OZ,SOFTDRINKSMALTS,POLAR,POLAR
POLAR REGULAR CRISTAL 8.45OZ,SOFTDRINKSMALTS,POLAR,POLAR
MALTA POLAR BOTTLE CRISTAL LIGHT 7OZ,SOFTDRINKSMALTS,POLAR,POLAR
PEPSI MINI CAN COLA REG 24OZ 8OZ = 192OZ,SOFTDRINKSSOFTDRINKS,PEPSICO,PEPSI
COKE DIET CAN 12OZ,SOFTDRINKSSOFTDRINKS,COCA-COLA COMPANY,COCA-COLA
DOUBLE DUTCH GINGER BEER BOT 6.76OZ 4CT = 27.04OZ,SOFTDRINKSSOFTDRINKS,DOUBLE DUTCH,DOUBLE DUTCH
FENTIMANS LEMONADE BOT CRIST 4CT 9.3OZ =37.2OZ,SOFTDRINKSSOFTDRINKS,NO DEFINIDO,FENTIMANS
FEVER TREE GINGER ALE BOTTLES 6.8OZ 4PK=27.2OZ,SOFTDRINKSSOFTDRINKS,FEVER-TREE LTD,FEVER
PINA BUENA PINEAP CAN 8OZ,SOFTDRINKSSOFTDRINKS,JUGOS DEL CENTRO,PINA BUENA
SPRITE ZERO CRANBERRY LEMON LIME PLAST BOT 67.6OZ,SOFTDRINKSSOFTDRINKS,COCA-COLA COMPANY,SPRITE
FENTIMANS PINK GINGER BEER GLASS 9.3OZ,SOFTDRINKSSOFTDRINKS,NO DEFINIDO,FENTIMANS
PEPSI COLA DIET BOTTLE PLASTIC 16.9OZ,SOFTDRINKSSOFTDRINKS,PEPSICO,PEPSI
COKE DIET CAN 12OZ,SOFTDRINKSSOFTDRINKS,COCA-COLA COMPANY,COCA-COLA
FANTA PINEAPPLE CAN 8PK 10OZ = 80OZ,SOFTDRINKSSOFTDRINKS,COCA-COLA COMPANY,FANTA
FENTIMANS  TRADITIONAL TONIC WATER GLASS 6.76OZ,SOFTDRINKSSOFTDRINKS,NO DEFINIDO,FENTIMANS
FENTIMANS  TRADITIONAL TONIC WATER GLASS 6.76OZ,SOFTDRINKSSOFTDRINKS,NO DEFINIDO,FENTIMANS
FENTIMANS LIGHT TONIC WATER GLASS 6.76OZ,SOFTDRINKSSOFTDRINKS,NO DEFINIDO,FENTIMANS
MOUNTAIN DEW CODE RED CHERRY BOTELLA PLASTICA 20OZ,SOFTDRINKSSOFTDRINKS,PEPSICO,MOUNTAIN DEW
OLD COLONY PINA CAN 12OZ 24CT = 288OZ,SOFTDRINKSSOFTDRINKS,COCA COLA PR BOTTLERS,OLD COLONY
SUNKIST GRAPE CAN 12OZ,SOFTDRINKSSOFTDRINKS,SUNKIST,SUNKIST
SUNKIST ORANGE BTL PLST 16.9OZ,SOFTDRINKSSOFTDRINKS,SUNKIST,SUNKIST
SUNKIST STRABERRY LEMONADE CAN 7.5OZ 6CT = 45OZ,SOFTDRINKSSOFTDRINKS,SUNKIST,SUNKIST
CAMPBELLÂ¦S CHUNKY CLASSIC CHICKEN NOODLE CAN 18.6OZ,SOUPSSOUPS,CAMPBELL'S CO,CAMPBELL'S CHUNKY
CAMPBELL'S CHICKEN W/RICE CAN 10.5OZ,SOUPSSOUPS,CAMPBELL'S CO,CAMPBELL'S
CAMPBELLS GREAT FOR COOKING BROCCOLI CHEESE CAN 10.5OZ,SOUPSSOUPS,CAMPBELL'S CO,CAMPBELL'S
CAMPBELLS VEGETABLE CAN 10.5OZ,SOUPSSOUPS,CAMPBELL'S CO,CAMPBELL'S
NISSIN RAOH RAMEN NOODLE SOUP BAG 3.5OZ,SOUPSSOUPS,NISSIN FOODS,BIG CUP NOODLES RAMEN
NONGSHIM TEMPURA NOODLE SOUP CUP 2.64OZ,SOUPSSOUPS,NONG SHIM AMERICA INC,NONG SHIM
FARMERS HEART PHO G-FREE BEEF 2.18OZ,SOUPSSOUPS,NONG SHIM AMERICA INC,FARMER'S HEART
MEMBER'S MARK SHRIMP & CORN SHOWDE 48OZ,SOUPSSOUPS,WALMART,MEMBER'S MARK
MARKETSIDE CAULIFLOWER PARMESAN 16OZ,SOUPSSOUPS,WALMART,MARKETSIDE
CLASSICO SIGNATURE RECIPES CREAMY ALFREDO GLASS 15OZ,SPAGHETTISAUCESPAGHETTISAUCE,KRAFT HEINZ,CLASSICO
PREGO MEAT RED SAUCE 24CT 14OZ = 336OZ,SPAGHETTISAUCESPAGHETTISAUCE,CAMPBELL'S CO,PREGO
BERTOLLI ALFREDO GARLIC WHITE SAU CRISTAL 16OZ,SPAGHETTISAUCESPAGHETTISAUCE,MIZKAN AMERICA,BERTOLLI
BERTOLLI MARINARA RED SAUCE GLASS 26OZ,SPAGHETTISAUCESPAGHETTISAUCE,MIZKAN AMERICA,BERTOLLI
BERTOLLI TOMATOE & BASIL RED SAUC GLASS 26OZ,SPAGHETTISAUCESPAGHETTISAUCE,MIZKAN AMERICA,BERTOLLI
CLASSICO ORGANIC DI MOLISE MARINARA RED SAUC CRIST JAR 24OZ,SPAGHETTISAUCESPAGHETTISAUCE,KRAFT HEINZ,CLASSICO
HELIOS MEDITERRANEAN STYLE OIL GLASS 10.6OZ,SPAGHETTISAUCESPAGHETTISAUCE,DULCES Y CONSERVAS S.A.,HELIOS
HELIOS SALSA TOMATOE SPAG STYLE JAR 10.6OZ,SPAGHETTISAUCESPAGHETTISAUCE,DULCES Y CONSERVAS S.A.,HELIOS
HUNT'S PASTA SAUCE FOUR CHEESE RED SAUC CAN 26OZ,SPAGHETTISAUCESPAGHETTISAUCE,HUNT'S,HUNT'S
RAO'S HOMEMADE ROASTED GARLIC ALFREDO SAUCE WHITE JAR 15OZ,SPAGHETTISAUCESPAGHETTISAUCE,ADVENT INTERNATIONAL,RAOS
BOTTICELLI CRISTAL MARINARA RED SAUCE 24OZ,SPAGHETTISAUCESPAGHETTISAUCE,BOTTICELLI FOODS,BOTTICELLI
BERTOLLI ORGANIC MARINARA RED SAUCE ITALIAN HERB 24OZ,SPAGHETTISAUCESPAGHETTISAUCE,MIZKAN AMERICA,BERTOLLI
BRILHUS PROTEGE UNAS SCRUBERS 3CT,SPONGES&WIPESSPONGES,NO DEFINIDO,BRILHUS
HOUSE CARE CELLULOSE SCROUB SPONGE 2CT,SPONGES&WIPESSPONGES,UNIVERSAL DISTRIBUTION CENTER LLC,HOUSE CARE
UFO EXTRA THICK SCOURING SPONGES PADS 3CT,SPONGES&WIPESSPONGES,U.F.O.,UFO
EQUATE MAXIMUN STRNGTH FAMOTIDINE ACD RD 20MG TAB 200CT (PL),STOMACHREMEDIESANTAGONICOS,WALMART,EQUATE
LEADER OMEPRAZOLE 20GR TAB 28CT (PL),STOMACHREMEDIESANTAGONICOS,FARMACIAS PLAZA,LEADER
EQUATE ANTIACID CHEWTABLE TAB 24CT,STOMACHREMEDIESANTIACIDOS,WALMART,EQUATE
CVS HEALTH ACID CONTROLER TAB 180CT,STOMACHREMEDIESANTIACIDOS,CVS,CVS
EQUATE EXTRA STRENGTH SOFTGELS 72CT (PL),STOMACHREMEDIESANTIFLATULENTOS,WALMART,EQUATE
WALGREENS UPSET STOMACH RELIEF CAPSULES 60CT,STOMACHREMEDIESLAXANTES,WALGREENS,WALGREENS
TOP CARE CLEARLAX POWDER 17.9OZ,STOMACHREMEDIESLAXANTES,PUEBLO,TOP CARE
GOOD SENSE LAXATIVE TABLETS 24CT,STOMACHREMEDIESLAXANTES,PERRIGO,GOOD SENSE
QUALITY CHOICE LAXAT SUPPPOS 25CT (PL),STOMACHREMEDIESLAXANTES,WALMART,QUALITY CHOICE
ALL PURE HAIR MOUSSE SUPER HOLD BOTTLE 7.5OZ,STYLINGAIDSSTYLINGAIDS,FOUR SEASONS,ALL PURE
DOVE DAMAGE THERAPY EXTRA HOLD SPRAY 2OZ,STYLINGAIDSSTYLINGAIDS,UNILEVER,DOVE
LILY OF THE DESSERT ALOE BASED NAUTRAL HOLD SPRAY 8OZ,STYLINGAIDSSTYLINGAIDS,LILY OF THE DESERT,LILY OF THE DESERT
QUALITY CHOICE AWAKEN SPORT HOLD GEL 6OZ(PL),STYLINGAIDSSTYLINGAIDS,WALMART,QUALITY CHOICE
SCOTCH PORTER HAIR BALM MOISTURIZING STYLING CRM 3.4OZ,STYLINGAIDSSTYLINGAIDS,QUALLIS BRANDS COMPANY,SCOTCH PORTER
DOMINO PURE CANE SUGAR CANNISTER 4LBS,SUGAR,DOMINO FOODS,DOMINO
YAN SWEETS PEANUT BUTTER BAR BAG 2OZ,SUGARCONFECTIONARYHARDCANDIES,YAN SWEETS,YAN SWEETS
CHUPA CHUPS XXL TRIO 3IN1 POPS 1.02OZ 20CT = 20.4OZ,SUGARCONFECTIONARYHARDCANDIES,CHUPA CHUPS,CHUPA CHUPS
FREEGELLS COUCH DROPS MENTHOL EUCALYPTUS BAG 30CT,SUGARCONFECTIONARYMEDICATEDMINTS,NO DEFINIDO,FREEGELLS
FREEGELLS EXTRA COUCH DROPS MENTHOL HONEY LEMON BAG 30CT,SUGARCONFECTIONARYMEDICATEDMINTS,NO DEFINIDO,FREEGELLS
WALGREENS MINI LOZENGES CHERRY 20CT(PL),SUGARCONFECTIONARYMEDICATEDMINTS,WALGREENS,WALGREENS
E FRUTTI CLASSIC GUMMY BEARS ASSORTED BAG 12CT = 1.76OZ,SUGARCONFECTIONARYSOFTCANDIES,F.C. PULJALS & BROTHERS,E. FRUTTI
MENTOS CHEWY MINTS ICE MINT WRAP 14CT = 1.34OZ,SUGARCONFECTIONARYSOFTCANDIES,PERFETTI - VAN MELLE,MENTOS
ANNIE'S ORGANIC PEEL A PARTS FRUIT STRINGS BOX 30CT = 16.8OZ,SUGARCONFECTIONARYSOFTCANDIES,GENERAL MILLS,ANNIE'S
BETTY CROCKER FRT ROLL UPS MINI RLLS FRT SNCK 5CT = 1.85OZ,SUGARCONFECTIONARYSOFTCANDIES,GENERAL MILLS,BETTY CROCKER
BLACK FOREST JUICY BURST FRUIT SNACKS FILLED 0.8OZ 10CT = 8O,SUGARCONFECTIONARYSOFTCANDIES,FERRARA CANDY CO.,BLACK FOREST
E FRUTTI GUMMY DONUTS BAG 1.4OZ,SUGARCONFECTIONARYSOFTCANDIES,F.C. PULJALS & BROTHERS,E. FRUTTI
FUNABLES PAW PATROL FRUIT SNACKS 0.8OZ 10CT = 8OZ,SUGARCONFECTIONARYSOFTCANDIES,FERRARA CANDY CO.,FUNABLES
GEM GEM GINGER CANDY CHEWY ZESTY LEMON BAG 5OZ,SUGARCONFECTIONARYSOFTCANDIES,BROTHERS TRADING,GEM GEM
MIKE & IKE SOUR WATERMELON BOX 0.78OZ 24PK =18.72OZ,SUGARCONFECTIONARYSOFTCANDIES,JUST BORN,MIKE AND IKE
PIXY STIX POWDER CANDY STRAW 1OZ,SUGARCONFECTIONARYSOFTCANDIES,FERRARA CANDY CO.,WONKA
PRINCE OF PEACE GINGER CHEWS PEANUT BAG 4OZ,SUGARCONFECTIONARYSOFTCANDIES,PRINCE OF PEACE ENT. INC.,PRINCE OF PEACE
SATHERS SOUR GUMMI BEARS BAG 3OZ,SUGARCONFECTIONARYSOFTCANDIES,FARLEY'S & SATHERS CANDY,SATHERS
HARIBO GOLD BEARS GUMMI ASSRTED BAG 48OZ,SUGARCONFECTIONARYSOFTCANDIES,HARIBO OF AMERICA INC,HARIBO
SUGAR BABIES CARAMELS CANDY COATED BAG 1.7OZ,SUGARCONFECTIONARYSOFTCANDIES,TOOTSIE ROLL INDUSTRIES,SUGAR BABIES
SKITTLES ORIGINAL FRUIT BAG 3.13OZ,SUGARCONFECTIONARYSOFTCANDIES,MARS,SKITTLES
LAS DELICIAS FRUTZCOS FRUIT POWDER PLASTIC 11.86OZ,SUGARCONFECTIONARYSOFTCANDIES,DULCES LAS DELICIAS,LAS DELICIAS
CONFETTI DRACULA GUMMIES 230CT = 59OZ,SUGARCONFECTIONARYSOFTCANDIES,F.C. PULJALS & BROTHERS,CONFETTI
ZERO SWEET AS SUGAR BOX 60PK = 2.13OZ,SUGARSUBSTITUTESSUGARSUSBTITUTES,SWEET HEALTH PRODS.,ZERO
TRUVIA ORGANIC ORIGINAL LIQUID 2.7OZ,SUGARSUBSTITUTESSUGARSUSBTITUTES,THE TRUVIA CO. LLC,TRUVIA
LA FINCA FRUCTOSA BAG 24OZ,SUGARSUBSTITUTESSUGARSUSBTITUTES,NO DEFINIDO,LA FINCA
B TAN SPF IS UR BFF SPF30 LOTION 7OZ,SUNCARESUNBLOCK&SUNTANPRODUCTS,NO DEFINIDO,B TAN
CVS HEALTH AG DEFENSE LOTION SPF70 LOTION4.8OZ(PL),SUNCARESUNBLOCK&SUNTANPRODUCTS,CVS,CVS
CVS HEALTH AGE DEFENSE LOTION SPF70 LOTION 3OZ(PL),SUNCARESUNBLOCK&SUNTANPRODUCTS,CVS,CVS
EQUATE OIL FREE SUNSCREEN STICK SPF30 0.47OZ(PL),SUNCARESUNBLOCK&SUNTANPRODUCTS,WALMART,EQUATE
PANOXYL AM CONTROL MOISTURIZER SPF30 CRM 1.7OZ,SUNCARESUNBLOCK&SUNTANPRODUCTS,CROWN LABORATORIES,PANOXYL
TIERRA NOBLE BLANCO 750ML,TEQUILATEQUILA,PREMUM DE JALISCO,TIERRA NOBLE
DOVE EXFOLIATING 3.75OZ,TOILETSOAPTOILETSOAP,UNILEVER,DOVE
PALMERS COCOA BUTTER BAR 4.7OZ,TOILETSOAPTOILETSOAP,E.T. BROWNE DRUG CO.,PALMER'S
DOVE RELAXING LAVENDER 3.75OZ 6CT =22.5OZ,TOILETSOAPTOILETSOAP,UNILEVER,DOVE
CUCINA & AMORE ITALIAN PASTA SAUCE BSIL & GRLIC GLSS 16.8OZ,TOMATOSAUCETOMATOSAUCE,CUCINA & AMORE,CUCINA & AMORE
CVS HEALTH SONIC CLEAN REPLACEMENT BRUSH 3CT (PL),TOOTHBRUSHESELECTRICTOOTHBRUSHES,CVS,CVS
FIREFLY AVENGERS KIDS SOFT 1CT,TOOTHBRUSHESMANUALTOOTHBRUSHES,DR. FRESH,FIREFLY
BATH TO THE BASICS  3CT,TOOTHBRUSHESMANUALTOOTHBRUSHES,BATH TO THE BASICS,BATH TO THE BASICS
COLGATE 360 SENSITIVE EXTRA SOFT 1CT,TOOTHBRUSHESMANUALTOOTHBRUSHES,COLGATE PALMOLIVE,COLGATE
CLOSE UP CONTACT SOFT1CT,TOOTHBRUSHESMANUALTOOTHBRUSHES,DR. FRESH,CLOSE UP
BUMBLE BEE CHUNK WITH ALBARCORE CAN OIL 5OZ,TUNAFISHTUNAFISH,BUMBLE BEE FOODS,BUMBLE BEE
WOEBER'S MAYO KETCHUP 10OZ,VISCOUSMAYONNAISE,WOEBER MUSTARD,WOEBER'S
ONLY PLANT BASED GARLIC MAYO SQUEEZE BOT 11OZ,VISCOUSMAYONNAISE,ONLY PLANT BASED,ONLY PLANT BASED
YOPLAIT GO GURT BERRY/STRAWBRRY LW FT BX 2OZ/24CT=48OZ,YOGURTYOGURTWITHFLAVORS,GENERAL MILLS,YOPLAIT
CHOBANI FLIP GREEK LOW FAT ALMOND COCO LOCO 5.3OZ,YOGURTYOGURTWITHFLAVORS,CHOBANI INC.,CHOBANI
LALA SMOOTHIE PROBIOTICS STRAWB/MANG DRNK 12PK/7OZ=84OZ,YOGURTYOGURTWITHFLAVORS,GRUPO INDUSTRIAL LALA,LALA
UPSTATE FARMS BLENDED NON FAT YOGURT STRAWBERRY 4OZ,YOGURTYOGURTWITHFLAVORS,UPSTATE FARMS.,UPSTATE FARMS
DANNON OIKOS BLENDED GREK NF STRWBRRY 4CT/5.3OZ=21.2OZ,YOGURTYOGURTWITHFLAVORS,THE DANNON CO.INC.,DANNON
DANNON OIKOS GREEK NONFAT BLUEBERRY 5.3OZ 4PK = 21.2OZ,YOGURTYOGURTWITHFLAVORS,THE DANNON CO.INC.,DANNON
